vaxchi_id,zipcode_id,date_id,sum_total_first_doses,sum_total_second_doses,sum_first_dose_5_11,sum_first_dose_12_17,sum_first_dose_18_64,sum_first_dose_65_plus,sum_second_dose_5_11,sum_second_dose_12_17,sum_second_dose_18_64,sum_second_dose_65_plus,sum_covid_cases,sum_covid_tests,sum_covid_deaths
1,4,1,212,36,1,6,191,13,0,0,34,1,166,2911,2
2,4,2,518,426,6,2,356,145,2,0,386,38,145,3060,1
3,4,3,691,569,7,3,421,246,1,3,231,332,32,2412,0
4,4,4,1413,611,1,2,1317,87,0,0,383,225,87,2966,0
5,4,5,4132,3184,0,31,3986,115,0,6,2940,238,71,3223,0
6,4,6,1415,3120,0,96,1274,45,0,30,3029,61,34,3219,1
7,4,7,717,951,0,56,639,22,0,93,828,30,3,1744,0
8,4,8,509,392,0,45,435,29,0,24,345,23,29,2394,0
9,4,9,553,314,0,74,451,28,0,12,283,19,74,4008,0
10,4,10,423,254,0,41,349,33,0,6,232,16,236,13693,0
11,4,11,572,206,0,42,456,74,0,8,185,13,102,7000,0
12,4,12,993,276,219,33,689,52,51,11,203,11,81,4940,0
13,4,13,1019,291,60,22,892,45,140,8,139,4,681,8195,0
14,4,14,754,160,52,20,669,13,26,3,123,8,1666,9982,1
15,4,15,360,100,36,20,299,5,16,2,80,2,111,4822,0
16,4,16,193,50,16,9,164,4,12,3,32,3,49,3466,0
17,4,17,238,67,10,13,192,23,3,0,39,25,171,2765,0
18,4,18,255,200,13,13,208,21,6,0,178,16,260,2159,0
19,4,19,146,48,7,2,113,7,9,1,31,7,221,1851,0
20,5,1,84,12,1,0,77,5,0,0,10,2,10,236,1
21,5,2,28,11,0,1,18,3,1,0,6,4,18,266,0
22,5,3,33,3,2,4,24,1,0,0,1,1,8,170,1
23,5,4,178,16,0,5,152,18,1,0,11,4,5,259,0
24,5,5,295,226,0,2,286,7,0,2,206,18,6,267,0
25,5,6,121,290,0,10,105,6,0,2,279,9,2,387,0
26,5,7,108,86,0,10,95,3,0,10,71,5,0,276,0
27,5,8,74,45,0,17,57,0,0,6,37,2,5,389,0
28,5,9,115,32,0,23,84,8,0,1,30,1,10,377,0
29,5,10,103,32,0,20,69,14,0,3,27,2,5,587,1
30,5,11,93,24,0,19,60,14,0,0,20,4,3,1013,0
31,5,12,105,23,12,13,68,12,0,2,20,1,15,1103,0
32,5,13,85,30,7,1,72,5,10,3,16,1,64,1326,0
33,5,14,59,18,3,3,50,3,4,0,12,2,111,993,0
34,5,15,44,8,1,2,40,1,0,0,6,2,8,658,0
35,5,16,46,6,3,5,36,2,0,2,4,0,2,497,0
36,5,17,20,4,0,4,12,4,0,0,1,3,24,471,0
37,5,18,25,8,0,1,22,2,0,0,4,4,20,374,0
38,5,19,38,5,3,6,23,6,0,0,3,2,29,305,0
39,6,1,40,7,3,1,32,2,0,0,5,0,9,253,0
40,6,2,48,15,3,1,38,6,0,0,11,4,13,388,0
41,6,3,54,13,1,4,33,16,1,0,8,4,6,314,0
42,6,4,210,89,2,0,65,143,0,0,43,46,7,340,0
43,6,5,56,57,0,1,40,15,0,0,16,41,5,355,0
44,6,6,114,104,0,0,90,23,2,0,42,60,4,374,0
45,6,7,138,101,1,0,109,28,0,0,64,37,0,174,0
46,6,8,184,100,0,1,167,13,0,0,69,31,1,369,0
47,6,9,250,142,0,0,231,18,0,0,82,60,6,525,0
48,6,10,164,252,0,11,153,0,0,2,244,6,3,613,0
49,6,11,177,120,0,11,165,1,0,11,109,0,4,809,0
50,6,12,128,77,0,24,104,0,0,0,77,0,6,799,0
51,6,13,158,61,0,25,130,3,0,5,56,0,59,1089,0
52,6,14,93,43,0,13,67,13,0,2,38,3,92,1543,0
53,6,15,109,34,0,17,80,12,0,0,32,2,7,629,0
54,6,16,177,49,23,18,127,9,0,2,45,2,7,562,0
55,6,17,104,15,7,7,87,3,5,1,7,2,19,353,0
56,6,18,108,18,16,0,88,3,4,2,10,0,37,352,0
57,6,19,57,6,2,4,49,2,1,0,5,0,17,219,0
58,7,1,14,11,1,0,13,0,1,0,8,2,5,222,0
59,7,2,33,16,2,0,29,2,8,0,8,0,10,303,0
60,7,3,45,18,5,2,38,0,7,0,10,1,3,265,0
61,7,4,50,10,9,2,30,6,1,0,7,0,8,492,0
62,7,5,45,2,0,3,37,3,1,0,0,0,6,890,0
63,7,6,58,25,4,1,43,9,2,3,14,6,6,1160,0
64,7,7,109,11,1,5,89,12,0,1,9,1,0,729,0
65,7,8,129,91,0,0,67,62,0,0,51,40,2,882,0
66,7,9,60,43,0,0,50,10,0,0,35,8,8,1155,0
67,7,10,311,162,0,0,268,43,0,0,153,9,5,969,0
68,7,11,86,200,0,2,80,2,0,1,184,15,4,897,0
69,7,12,220,102,0,0,202,18,0,0,79,23,5,589,0
70,7,13,198,219,0,4,184,10,0,0,207,12,54,794,0
71,7,14,49,80,0,2,46,1,0,4,71,5,133,1241,0
72,7,15,26,27,0,5,21,0,0,2,25,0,9,737,0
73,7,16,35,21,0,1,31,3,1,3,17,0,4,490,0
74,7,17,30,21,0,5,22,3,0,0,21,0,26,461,0
75,7,18,36,14,0,1,30,5,0,2,11,1,25,389,0
76,7,19,52,15,12,3,25,12,0,0,13,2,24,563,0
77,8,1,223,123,54,5,157,7,69,3,46,5,267,5183,2
78,8,2,670,386,92,17,541,20,236,6,133,11,225,5394,2
79,8,3,44,25,4,0,38,2,9,0,13,3,100,3707,1
80,8,4,338,142,47,8,269,14,48,11,71,12,97,4147,0
81,8,5,68,21,6,4,54,4,7,0,12,2,149,4423,0
82,8,6,9,5,0,0,9,0,0,1,3,1,41,4379,0
83,8,7,20,2,1,0,17,1,0,0,2,0,9,2575,1
84,8,8,15,4,1,1,12,1,0,0,2,2,56,3412,0
85,8,9,43,10,0,0,31,10,0,0,3,6,150,4662,0
86,8,10,117,57,0,2,63,52,0,1,38,18,89,4675,1
87,8,11,2547,2400,0,1,1512,1034,0,1,1309,1090,96,6837,1
88,8,12,5366,3418,0,20,4832,514,0,3,2849,566,116,5992,0
89,8,13,4277,6825,0,78,4082,117,0,45,6541,239,899,10921,0
90,8,14,1467,3164,0,309,1097,61,0,245,2826,93,1353,10782,0
91,8,15,663,778,0,65,562,36,0,99,636,43,125,5677,1
92,8,16,601,482,0,62,507,32,0,44,415,23,82,4563,0
93,8,17,529,436,6,41,437,45,6,34,368,28,308,5072,0
94,8,18,535,338,0,38,413,84,0,21,290,27,523,4850,0
95,8,19,1250,256,508,26,646,70,0,15,213,28,362,3091,0
96,9,1,292,78,21,22,242,7,17,9,48,4,40,810,0
97,9,2,618,184,53,15,529,21,51,5,123,5,40,897,1
98,9,3,282,133,26,15,235,6,29,5,93,6,13,666,1
99,9,4,142,89,15,4,120,3,15,0,55,19,21,921,0
100,9,5,199,100,6,4,70,7,11,2,28,8,19,903,0
101,9,6,185,144,9,1,85,11,5,2,53,11,15,1057,0
102,9,7,348,310,10,5,268,29,5,2,220,23,0,714,0
103,9,8,1253,624,10,7,1152,65,9,4,559,25,21,1111,0
104,9,9,3578,1372,0,4,2771,802,0,0,992,380,27,1221,0
105,9,10,1477,671,0,9,1395,73,0,2,496,173,27,2826,0
106,9,11,308,291,0,0,193,115,0,0,164,127,20,2858,0
107,9,12,984,399,0,0,961,23,0,0,296,103,22,1552,1
108,9,13,787,1137,0,4,777,6,0,0,1116,21,154,2052,0
109,9,14,236,491,0,23,211,2,0,13,473,5,203,2094,3
110,9,15,164,178,1,10,152,1,5,5,168,0,16,1237,2
111,9,16,209,178,1,10,195,3,10,5,161,2,11,1283,0
112,9,17,174,115,0,12,159,3,0,2,113,0,37,1223,0
113,9,18,157,55,0,29,114,14,0,1,49,5,50,1136,0
114,9,19,202,57,0,25,152,25,0,2,53,2,63,769,0
115,10,1,804,172,462,17,307,18,17,7,134,14,293,6903,0
116,10,2,335,84,82,5,239,9,15,4,62,3,339,7819,3
117,10,3,133,35,10,4,115,4,8,0,27,0,79,6259,0
118,10,4,108,20,19,7,78,4,2,1,17,0,144,6690,0
119,10,5,60,15,1,3,51,5,3,1,9,2,202,7092,0
120,10,6,71,9,4,5,55,7,0,0,6,3,77,6315,1
121,10,7,18,11,0,0,14,1,1,1,5,4,11,3730,0
122,10,8,16,19,0,1,14,0,0,1,12,4,67,4075,0
123,10,9,260,579,1,1,243,15,0,2,568,9,178,6648,0
124,10,10,2493,1697,0,3,1882,608,0,0,1641,56,106,6242,2
125,10,11,2103,2459,0,2,1744,357,0,2,1784,673,155,8926,0
126,10,12,7159,3172,0,27,6857,275,0,4,2808,360,175,8044,1
127,10,13,4275,6951,0,71,4105,99,0,50,6720,181,1086,12771,1
128,10,14,1507,3087,0,316,1144,47,0,214,2799,74,1501,16291,3
129,10,15,560,848,0,48,493,19,0,120,701,27,140,8710,1
130,10,16,584,530,1,64,502,17,0,46,463,21,84,6868,0
131,10,17,666,523,0,53,593,20,0,51,456,16,386,7684,0
132,10,18,612,519,116,28,430,38,0,44,457,18,576,7178,0
133,10,19,463,324,0,20,405,38,0,24,289,11,381,3932,0
134,11,1,1476,405,977,61,387,51,69,34,257,45,1063,11019,21
135,11,2,668,787,65,23,546,34,461,46,262,18,862,11200,13
136,11,3,255,187,54,8,174,19,4,21,140,22,206,7943,9
137,11,4,352,135,102,14,130,18,16,8,97,14,220,7959,1
138,11,5,398,219,48,4,240,23,9,0,150,14,328,9207,0
139,11,6,1016,149,11,6,935,31,4,3,101,9,230,10230,3
140,11,7,1275,300,111,28,1082,54,108,19,163,9,33,5902,3
141,11,8,853,394,110,43,689,11,123,32,225,14,97,7227,3
142,11,9,238,285,25,15,190,8,68,28,186,3,354,9836,3
143,11,10,1627,732,1,19,1468,138,4,33,677,17,267,11463,4
144,11,11,1819,2707,0,447,1263,109,0,738,1818,151,228,17253,5
145,11,12,1883,1551,0,454,1333,96,0,392,1050,109,286,14728,2
146,11,13,2348,1600,0,301,1495,552,0,308,1209,83,1669,21632,15
147,11,14,6947,3797,0,3,4699,2245,0,0,2459,1338,3877,30958,15
148,11,15,15599,6649,0,25,13987,1587,0,4,4942,1703,254,18576,2
149,11,16,8242,16490,0,328,7375,539,0,68,15029,1393,123,16944,0
150,11,17,4738,6088,0,1300,3206,232,0,342,5368,378,391,17381,1
151,11,18,1878,3132,0,379,1405,94,0,1005,1999,128,736,18478,0
152,11,19,963,1135,0,120,779,64,0,155,907,73,670,10712,1
153,12,1,758,827,108,120,502,28,117,136,546,28,926,8438,20
154,12,2,1639,2056,545,118,866,110,1233,130,632,61,761,9284,12
155,12,3,861,937,214,91,518,38,261,124,509,43,245,5123,6
156,12,4,253,321,55,20,153,25,72,47,186,16,169,5174,6
157,12,5,470,566,29,62,327,44,36,128,365,34,380,6437,4
158,12,6,302,235,18,7,174,38,26,6,119,20,230,6669,10
159,12,7,676,308,19,5,527,78,12,7,210,23,30,3605,3
160,12,8,3513,2228,0,45,2955,507,0,57,1659,507,76,5180,0
161,12,9,2182,775,0,1,1401,780,0,0,551,224,252,6851,1
162,12,10,1063,1149,0,148,839,76,0,183,882,84,253,9125,4
163,12,11,2341,1516,587,225,1446,83,576,146,749,45,219,13273,5
164,12,12,1901,1259,894,159,703,145,282,153,770,54,267,12051,2
165,12,13,4410,2644,0,6,2841,1563,0,0,1520,1124,1249,18714,10
166,12,14,11442,6383,0,43,10111,1288,0,8,4921,1454,3132,25527,25
167,12,15,4397,7706,0,307,3761,329,0,109,6914,683,202,18088,15
168,12,16,4007,4837,0,1363,2437,207,0,827,3692,318,57,17343,0
169,12,17,1854,2682,0,505,1239,110,0,791,1745,146,209,16647,1
170,12,18,2121,1699,0,588,1424,109,0,475,1118,106,536,16713,1
171,12,19,1953,1906,0,449,1420,84,0,536,1267,103,445,9303,1
172,13,1,738,883,226,80,369,62,458,79,309,37,409,7514,7
173,13,2,2666,1198,843,300,1422,101,507,134,517,40,439,8357,4
174,13,3,1985,2130,579,277,1067,62,742,327,1019,42,173,6034,3
175,13,4,1349,1242,653,122,524,50,365,197,645,35,261,6636,1
176,13,5,357,545,96,53,196,12,187,75,254,29,295,6940,0
177,13,6,471,817,147,34,219,22,538,64,188,20,124,6567,1
178,13,7,195,143,27,11,71,21,44,11,46,8,29,4380,0
179,13,8,281,137,25,11,159,35,28,6,54,13,91,5937,1
180,13,9,2461,3156,1,22,1994,433,1,6,2569,575,269,7870,0
181,13,10,2547,3061,0,26,2077,442,0,16,2431,613,202,8632,2
182,13,11,2892,1195,0,2,1497,1393,0,0,1102,93,178,10990,0
183,13,12,4116,3359,0,5,2138,1973,0,3,1507,1849,243,9112,0
184,13,13,10165,6214,0,37,9516,611,0,8,4772,1434,1461,14211,2
185,13,14,4654,8093,0,369,4070,215,0,93,7674,326,1602,15261,12
186,13,15,989,2157,0,91,825,73,0,304,1712,141,167,8084,4
187,13,16,645,775,0,73,525,47,0,83,637,55,98,7066,1
188,13,17,821,530,0,85,644,92,0,38,448,44,405,7859,0
189,13,18,756,670,0,55,560,141,0,58,548,64,651,7697,0
190,13,19,655,443,0,30,480,145,0,33,359,51,381,5352,0
191,14,1,849,337,12,36,619,182,38,16,253,30,284,5111,4
192,14,2,1632,444,405,33,1014,180,1,15,384,44,307,6206,2
193,14,3,1183,664,404,17,695,67,298,22,307,37,86,4107,2
194,14,4,1163,499,101,43,967,52,149,18,284,48,137,4849,1
195,14,5,806,444,105,61,612,28,111,46,263,24,152,4969,0
196,14,6,234,299,31,17,176,10,67,27,195,10,67,5160,1
197,14,7,124,127,14,8,78,13,14,4,66,33,14,3130,1
198,14,8,95,91,13,3,34,6,12,3,26,9,85,4685,0
199,14,9,343,365,11,1,237,64,8,4,209,115,158,6581,2
200,14,10,698,277,7,5,609,59,4,5,189,54,108,6519,0
201,14,11,4938,2719,0,2,1661,3274,0,0,1298,1421,138,8456,0
202,14,12,3306,4152,0,7,2328,971,0,3,1475,2673,161,7321,0
203,14,13,7946,4988,0,42,7593,310,0,8,4162,818,1047,13980,1
204,14,14,3507,6796,0,180,3221,106,0,60,6550,186,1418,14517,5
205,14,15,1346,2153,0,117,1162,67,0,156,1912,85,156,5813,2
206,14,16,993,837,0,131,819,43,0,56,731,50,91,5112,0
207,14,17,999,535,0,164,776,59,0,40,464,31,450,6198,0
208,14,18,1063,566,0,124,744,195,0,21,490,55,678,5454,0
209,14,19,1033,428,0,79,693,261,0,10,381,37,458,3686,1
210,15,1,365,453,91,28,225,21,253,28,157,15,478,8303,14
211,15,2,1172,649,354,50,702,66,104,49,468,28,394,10502,7
212,15,3,815,459,211,29,529,46,132,15,266,46,95,8178,4
213,15,4,678,249,40,11,564,63,51,3,142,53,143,9304,2
214,15,5,267,126,10,3,219,35,8,3,59,56,263,8943,3
215,15,6,266,70,14,9,154,30,5,0,44,21,214,8910,2
216,15,7,267,107,31,13,179,21,2,3,59,14,33,3695,2
217,15,8,301,227,18,5,202,45,4,2,121,83,97,4239,1
218,15,9,717,443,5,8,590,91,2,2,279,143,188,5201,0
219,15,10,2167,123,2,2,1994,164,0,3,98,20,164,6345,3
220,15,11,2287,2301,0,1,1518,768,0,0,2124,177,148,10990,2
221,15,12,2527,2045,0,2,1877,648,0,3,1377,665,207,9636,1
222,15,13,5372,4206,0,43,4825,502,0,4,3371,831,1111,13903,2
223,15,14,2530,3914,0,172,2203,155,0,61,3598,255,1901,18873,17
224,15,15,1147,1648,0,181,869,97,0,286,1255,107,107,10828,1
225,15,16,747,935,0,126,565,56,0,161,696,78,64,9383,2
226,15,17,988,662,0,166,770,52,0,119,490,53,235,10279,0
227,15,18,958,883,0,115,809,34,0,130,708,45,408,9772,0
228,15,19,785,792,3,67,671,44,15,77,668,32,353,6712,0
229,16,1,445,312,76,12,307,50,104,13,169,26,491,10418,5
230,16,2,1513,284,987,20,443,63,6,24,219,35,482,11372,2
231,16,3,225,115,38,10,162,15,7,12,82,14,150,7256,1
232,16,4,111,93,13,12,75,11,14,10,60,9,252,7847,3
233,16,5,193,75,14,16,55,7,15,5,51,4,334,8612,3
234,16,6,180,134,20,10,68,12,17,17,53,8,80,8605,2
235,16,7,150,135,11,11,88,10,15,7,70,5,12,4988,1
236,16,8,281,147,5,8,187,47,7,5,94,7,101,7228,0
237,16,9,1283,616,1,3,889,384,2,1,575,36,296,9168,0
238,16,10,1733,594,0,2,1288,442,0,0,351,243,193,8560,1
239,16,11,4661,2501,1,2,2983,1672,1,0,1841,659,172,12983,1
240,16,12,7054,4754,0,16,5774,1264,0,2,3167,1585,236,11892,0
241,16,13,15070,11289,0,140,14480,449,0,31,10040,1218,1567,19688,0
242,16,14,4581,11048,0,748,3642,191,0,166,10537,345,2478,21717,9
243,16,15,1171,2781,51,188,857,75,0,699,1965,117,214,10716,2
244,16,16,756,854,119,81,519,37,0,127,662,65,175,9589,0
245,16,17,691,522,0,90,541,60,0,70,415,37,586,10553,0
246,16,18,605,640,0,75,466,64,0,91,497,52,832,10167,0
247,16,19,445,421,0,38,331,76,0,58,319,44,546,6098,0
248,17,1,518,585,51,15,386,66,377,15,165,28,663,16197,4
249,17,2,235,402,30,3,169,33,267,6,94,35,708,18798,5
250,17,3,372,203,40,13,277,42,37,9,126,31,280,13489,3
251,17,4,376,173,54,21,179,17,57,15,87,14,483,13328,1
252,17,5,375,138,23,4,52,9,23,0,56,11,509,12380,1
253,17,6,205,194,16,1,57,6,28,3,30,8,139,10300,1
254,17,7,277,339,13,3,187,23,14,5,170,23,20,6138,1
255,17,8,610,450,8,4,494,46,12,10,297,31,165,9321,1
256,17,9,2455,893,1,2,2136,312,1,2,847,33,409,14511,0
257,17,10,3795,959,8,10,3105,669,10,1,842,106,343,14967,0
258,17,11,4687,2157,0,5,2769,1913,0,0,1989,168,309,19502,1
259,17,12,6415,6267,0,22,4790,1603,0,6,3517,2744,431,16551,1
260,17,13,17876,12296,0,264,17115,497,0,65,10895,1336,2390,29148,4
261,17,14,7298,14966,0,1309,5798,191,0,358,14340,268,2876,31340,9
262,17,15,1489,3890,0,371,1049,69,0,1230,2549,111,333,14966,4
263,17,16,745,1010,0,111,576,58,0,188,754,68,259,11588,0
264,17,17,878,688,0,136,680,62,0,94,538,56,978,16775,0
265,17,18,742,733,0,105,555,82,0,105,576,52,1264,15640,0
266,17,19,543,432,0,35,399,109,0,61,345,26,746,8956,3
267,18,1,644,362,49,98,445,52,9,47,270,36,303,7437,4
268,18,2,874,510,172,105,478,49,12,75,377,46,274,9721,7
269,18,3,1225,371,474,67,379,39,10,51,271,39,104,8390,4
270,18,4,636,353,91,10,184,30,65,13,122,23,72,8437,1
271,18,5,301,320,29,10,51,11,27,1,30,10,220,9017,0
272,18,6,442,640,13,7,272,48,26,10,340,73,179,8636,4
273,18,7,1142,561,15,11,977,66,18,15,358,48,33,3516,2
274,18,8,4285,2012,85,37,3254,909,54,16,1276,666,76,4042,1
275,18,9,1082,738,170,93,787,32,193,77,440,28,173,5340,0
276,18,10,304,424,48,30,211,15,85,44,278,17,186,6246,0
277,18,11,1089,479,17,7,466,599,28,9,404,38,125,10365,2
278,18,12,3866,3224,0,9,2479,1378,0,4,1634,1586,187,9494,1
279,18,13,7685,4699,18,102,7062,503,16,20,3610,1053,1121,14398,10
280,18,14,862,522,113,49,679,21,200,49,258,15,1698,19097,13
281,18,15,205,204,28,7,162,8,64,19,97,24,140,12249,4
282,18,16,360,283,34,32,239,55,29,18,179,57,75,10756,0
283,18,17,3310,6074,6,145,2951,208,11,102,5620,341,454,11610,2
284,18,18,2093,3614,0,623,1314,156,0,477,2886,251,562,10645,1
285,18,19,858,1328,0,116,658,84,0,267,948,113,447,6440,1
286,19,1,2509,1753,3,27,1357,1110,0,21,983,744,636,8635,15
287,19,2,1531,1059,9,0,947,530,13,1,687,336,525,9250,22
288,19,3,1545,582,14,6,1210,314,7,11,524,39,145,5246,2
289,19,4,2065,1781,18,8,1254,784,295,7,722,755,136,6026,3
290,19,5,3929,2758,212,52,2780,885,549,75,1221,913,267,8032,1
291,19,6,2923,1459,400,79,1692,752,564,49,695,151,143,8833,7
292,19,7,1090,1026,100,83,833,74,210,104,636,76,19,5184,1
293,19,8,423,539,95,32,268,28,165,47,293,34,81,5537,1
294,19,9,246,219,31,14,178,23,58,19,111,31,219,7317,3
295,19,10,168,128,20,8,100,40,22,6,59,41,158,7256,4
296,19,11,140,116,24,7,91,18,23,2,57,34,153,11015,4
297,19,12,1878,1270,10,9,979,836,16,3,728,523,188,10228,0
298,19,13,220,106,26,8,75,14,13,6,67,20,1126,15922,6
299,19,14,190,140,35,6,106,19,21,15,85,18,2256,19126,11
300,19,15,248,88,21,11,61,8,21,4,56,7,199,12749,6
301,19,16,230,149,24,7,67,10,20,8,46,9,82,11323,3
302,19,17,146,73,20,6,61,6,14,6,25,10,392,11059,0
303,19,18,398,328,11,12,284,48,17,12,212,23,720,11008,0
304,19,19,890,840,11,6,466,373,7,5,612,168,591,6701,0
305,20,1,1573,564,815,148,520,90,2,66,418,78,1150,9472,19
306,20,2,1428,1609,108,171,992,157,0,218,1239,152,957,9509,10
307,20,3,1627,876,745,82,672,128,190,74,482,130,209,5477,13
308,20,4,1080,973,316,58,604,77,484,76,331,65,240,5903,7
309,20,5,181,123,22,6,78,12,21,7,58,5,552,7386,10
310,20,6,354,248,19,16,219,59,30,8,124,35,462,9214,8
311,20,7,725,399,20,8,455,197,11,3,226,103,52,5229,1
312,20,8,1683,917,0,39,1217,427,0,74,747,96,122,6613,1
313,20,9,695,759,0,58,549,88,0,56,636,67,349,9611,3
314,20,10,3583,3010,223,496,2050,814,0,107,2608,295,377,9698,3
315,20,11,2795,2020,157,78,2396,162,33,75,1677,234,326,15861,5
316,20,12,1984,1965,0,527,1275,182,0,440,1322,203,387,13672,3
317,20,13,2287,1775,7,538,1562,180,15,438,1164,158,1812,21249,15
318,20,14,4405,2909,0,86,2139,2180,0,152,1325,1432,3170,28768,43
319,20,15,8977,5560,0,35,6304,2638,0,5,2837,2718,173,21425,2
320,20,16,8437,10669,0,325,6990,1121,0,114,8258,2297,51,20003,3
321,20,17,3776,5306,0,921,2545,310,0,832,3890,584,284,19753,1
322,20,18,1993,2622,0,421,1380,191,0,565,1833,224,663,18122,0
323,20,19,1967,2100,0,278,1541,148,0,395,1545,160,606,10013,0
324,21,1,334,525,88,42,196,8,179,53,271,22,1191,13402,17
325,21,2,347,463,90,37,179,41,133,60,235,35,1053,14789,12
326,21,3,242,357,58,25,136,23,115,42,172,28,341,9141,7
327,21,4,199,211,43,15,101,12,72,32,89,18,356,10331,2
328,21,5,286,204,62,24,118,17,29,20,118,32,521,11605,4
329,21,6,219,153,43,15,99,17,42,16,64,15,263,11371,7
330,21,7,300,195,34,19,139,83,31,10,98,39,48,7087,5
331,21,8,745,292,16,5,537,174,19,10,211,42,183,9148,1
332,21,9,2881,366,0,2,1187,1692,0,0,307,59,446,13078,1
333,21,10,5179,4868,42,355,3172,1610,52,89,2998,1729,390,15127,1
334,21,11,2081,1191,92,48,1718,210,59,10,922,197,359,25658,2
335,21,12,7174,4165,0,4,4876,2294,0,1,3142,1022,481,21861,1
336,21,13,8794,5671,41,39,7217,1496,69,21,3973,1607,2113,35419,2
337,21,14,20862,18306,0,444,19466,951,0,106,16094,2105,4625,41575,18
338,21,15,7859,14471,0,2028,5430,401,0,500,13280,691,411,23145,11
339,21,16,3298,5850,0,902,2225,171,0,1695,3870,285,258,20184,2
340,21,17,2478,1951,805,352,1214,107,322,389,1166,74,1017,23380,0
341,21,18,2725,3663,824,192,1588,121,2817,179,614,53,1487,19949,0
342,21,19,2201,1883,624,227,1292,58,738,225,879,41,924,11731,0
343,22,1,313,564,60,31,209,13,110,61,363,30,628,6799,20
344,22,2,997,795,203,113,632,49,180,85,476,54,494,7726,11
345,22,3,175,193,43,9,106,17,47,12,98,36,155,5104,3
346,22,4,236,291,52,22,133,29,65,27,161,38,171,5587,6
347,22,5,579,549,117,57,359,46,133,59,305,52,521,7331,9
348,22,6,1369,568,168,75,397,43,139,65,332,32,389,9482,6
349,22,7,840,680,139,45,269,24,132,62,276,33,61,5468,3
350,22,8,663,803,112,54,257,28,124,60,349,31,131,6348,2
351,22,9,2136,1216,207,80,1610,108,268,36,662,112,337,8869,5
352,22,10,4343,4674,0,159,2365,1819,0,683,2673,1318,269,9353,3
353,22,11,5879,5511,0,84,4373,1422,0,8,3386,2117,282,16487,6
354,22,12,4042,4158,0,67,2328,1647,0,28,2512,1618,310,15321,7
355,22,13,2334,3224,0,360,1636,338,0,309,2452,463,1731,21234,8
356,22,14,1845,1419,0,325,1326,194,0,203,1023,193,2464,27059,39
357,22,15,1859,1589,0,306,1374,179,0,271,1154,164,147,19507,8
358,22,16,1778,1707,0,167,1487,124,0,233,1317,157,52,18375,4
359,22,17,1305,1459,0,110,1056,139,0,132,1197,130,203,17371,0
360,22,18,1660,1168,583,137,801,139,135,109,804,120,517,15675,2
361,22,19,1406,1161,317,133,845,111,379,104,601,77,453,9504,0
362,23,1,1015,606,249,123,592,51,145,68,346,47,711,8234,18
363,23,2,718,494,158,84,435,41,108,51,295,40,623,9916,15
364,23,3,154,131,22,7,86,25,16,7,85,17,187,6830,6
365,23,4,725,214,20,11,337,331,15,2,146,40,167,7217,4
366,23,5,3476,4022,0,267,2527,682,0,236,2984,802,506,9173,6
367,23,6,831,389,11,47,640,129,9,44,296,39,433,10524,15
368,23,7,4183,2188,0,1,2513,1669,0,0,1042,1146,41,5261,7
369,23,8,3260,819,0,2,1341,1917,0,0,631,188,135,8561,2
370,23,9,5324,3669,0,5,2578,2740,0,2,1418,2249,302,9586,7
371,23,10,3666,1784,5,42,2411,1190,11,70,918,783,331,10526,5
372,23,11,5129,5752,0,103,3957,1069,0,118,3452,2182,252,15525,13
373,23,12,4504,6107,0,144,3634,726,0,54,4604,1449,379,16403,9
374,23,13,3202,4088,0,628,2226,348,0,382,3091,615,1923,22980,18
375,23,14,1629,2207,0,286,1146,196,0,378,1596,233,2736,30032,47
376,23,15,1944,1316,0,340,1438,166,0,229,940,147,176,21069,9
377,23,16,2246,1976,0,356,1743,147,0,343,1467,166,67,20172,0
378,23,17,1571,1798,0,151,1294,126,0,179,1488,131,173,19631,0
379,23,18,1801,1331,552,196,880,173,0,114,1060,157,522,17901,1
380,23,19,1527,1500,352,136,879,160,491,163,707,139,476,9683,0
381,24,1,194,100,47,26,110,11,23,11,58,8,322,2817,10
382,24,2,629,461,144,66,393,26,91,66,261,43,277,3144,7
383,24,3,171,154,17,9,111,15,17,15,98,24,50,2249,4
384,24,4,239,177,31,13,125,23,16,13,118,27,86,2441,2
385,24,5,216,137,46,20,103,12,29,8,82,13,182,2913,4
386,24,6,195,121,17,14,94,52,25,1,67,18,169,3834,4
387,24,7,291,137,28,6,135,106,15,9,78,26,8,2438,2
388,24,8,728,29,5,2,505,215,0,0,25,4,52,3334,3
389,24,9,1042,509,3,5,504,530,1,3,297,208,167,3566,2
390,24,10,904,470,0,1,434,469,0,0,154,316,159,5308,6
391,24,11,2479,1744,0,2,1820,657,0,2,974,768,133,8757,1
392,24,12,1901,2249,2,43,1606,250,1,6,1747,495,231,7909,5
393,24,13,1401,1594,0,187,1026,187,0,69,1313,211,838,10017,10
394,24,14,883,1158,0,115,685,83,0,166,839,153,1226,13562,19
395,24,15,739,661,0,122,541,76,0,91,504,66,115,11890,9
396,24,16,787,647,2,110,620,55,1,101,473,72,30,11220,0
397,24,17,814,670,71,106,586,51,40,75,485,70,52,9004,0
398,24,18,646,544,141,75,411,19,119,78,326,21,159,8510,0
399,24,19,127,168,18,12,84,13,31,22,103,12,171,4473,0
400,25,1,51,60,12,4,27,8,8,5,34,13,703,10950,5
401,25,2,92,89,14,4,63,8,6,6,64,13,706,11614,5
402,25,3,111,79,18,10,49,7,5,5,56,13,207,7409,4
403,25,4,116,56,19,8,58,4,15,7,29,3,298,7972,0
404,25,5,104,59,12,13,56,14,7,4,41,4,366,7992,1
405,25,6,147,62,14,13,65,41,6,7,37,8,138,7356,3
406,25,7,316,140,13,11,221,71,25,14,97,4,15,4769,1
407,25,8,1353,1155,4,53,1198,98,0,33,1076,46,127,6269,0
408,25,9,4279,2338,0,1,3265,1013,0,0,2079,259,334,8697,0
409,25,10,4972,4160,0,1,4085,886,0,0,3244,916,250,9287,2
410,25,11,14442,7377,0,66,13878,497,0,6,6496,875,265,14127,1
411,25,12,6111,12951,0,161,5759,191,0,104,12482,365,400,12677,0
412,25,13,2193,3396,1,642,1451,99,2,121,3171,102,1710,23279,2
413,25,14,735,442,109,27,533,66,5,35,363,39,2423,23346,13
414,25,15,2179,988,1196,57,856,70,561,34,362,31,234,12013,2
415,25,16,1532,1241,258,63,1155,56,710,65,444,22,154,9892,1
416,25,17,895,739,191,87,590,27,236,59,418,26,619,11268,0
417,25,18,272,387,61,27,174,10,127,40,203,17,865,10198,0
418,25,19,121,115,27,7,80,7,25,12,65,13,465,6183,0
419,26,1,108,105,27,12,64,5,26,10,56,13,1375,10127,22
420,26,2,225,242,70,15,125,15,56,29,131,26,1022,10393,18
421,26,3,114,140,30,16,61,7,36,14,80,10,254,6187,8
422,26,4,309,135,39,8,72,13,47,9,66,13,180,7035,1
423,26,5,439,138,37,6,65,19,29,5,51,21,383,8167,5
424,26,6,313,290,32,12,70,14,39,10,54,3,371,9689,9
425,26,7,250,305,25,6,111,7,11,4,130,6,42,5885,7
426,26,8,532,541,23,7,397,21,20,7,338,14,79,7233,1
427,26,9,1957,244,52,9,1819,58,43,5,172,6,298,8061,4
428,26,10,3617,986,14,9,1952,1636,23,4,715,236,306,11433,3
429,26,11,11790,7776,0,23,10007,1760,0,16,5495,2265,276,18050,5
430,26,12,4889,6880,0,556,4008,325,0,500,5724,656,318,15466,2
431,26,13,2037,2375,0,370,1579,88,0,559,1739,77,1798,22834,9
432,26,14,1555,1553,245,218,1013,79,0,259,1211,83,4644,36733,21
433,26,15,2795,1860,1503,253,929,110,865,201,702,92,200,21562,8
434,26,16,3028,1927,981,370,1585,92,814,217,830,66,56,21656,3
435,26,17,3940,2880,1101,522,2237,80,985,415,1434,46,212,20844,1
436,26,18,1321,2549,361,196,721,43,784,376,1341,48,522,20603,0
437,26,19,367,583,91,51,207,18,167,105,294,17,568,12250,1
438,27,1,103,80,21,4,62,6,11,11,54,4,430,3920,14
439,27,2,202,155,31,25,104,11,37,23,85,10,304,4732,6
440,27,3,356,198,68,32,138,14,56,30,91,17,110,3509,8
441,27,4,339,188,91,34,114,13,68,24,76,6,144,3907,2
442,27,5,242,187,22,21,107,27,47,21,89,10,263,4669,3
443,27,6,610,185,41,21,422,71,28,19,84,22,213,5690,6
444,27,7,4251,1727,0,5,3208,1038,0,0,1196,531,24,2960,5
445,27,8,5518,5434,0,243,4742,531,0,134,4521,778,60,3565,2
446,27,9,1512,427,0,1,771,740,0,0,312,115,152,3704,3
447,27,10,2186,1370,0,0,1371,815,0,0,679,691,181,5559,2
448,27,11,3542,3015,0,7,2834,701,0,1,2048,966,189,11243,2
449,27,12,1927,1883,0,164,1577,186,0,127,1430,326,179,9322,1
450,27,13,1285,1102,0,179,1052,54,0,166,867,69,1135,14314,6
451,27,14,857,1088,50,87,682,38,0,129,906,53,1623,18214,10
452,27,15,1046,755,364,137,492,53,186,90,429,50,59,12080,2
453,27,16,1325,821,374,159,742,50,201,108,466,46,25,12500,0
454,27,17,1604,1207,395,215,956,38,306,142,724,35,78,11017,1
455,27,18,674,1120,173,110,368,23,277,170,647,26,238,10932,0
456,27,19,219,350,35,31,138,15,92,62,182,14,245,6860,0
457,28,1,99,74,33,10,49,7,17,6,36,15,1021,11787,26
458,28,2,114,139,19,20,62,13,22,17,86,14,784,13796,23
459,28,3,93,87,13,8,59,2,11,14,54,8,267,9577,8
460,28,4,145,115,19,23,80,2,13,13,78,10,314,10211,3
461,28,5,155,112,34,14,77,6,29,14,57,9,432,10897,2
462,28,6,143,93,11,6,91,18,19,11,38,15,206,10165,7
463,28,7,254,61,13,12,170,43,5,4,45,5,39,5528,5
464,28,8,635,421,9,2,516,100,5,6,363,47,209,7435,0
465,28,9,5823,2999,0,63,4633,1127,0,14,2697,288,503,11307,4
466,28,10,6531,4847,0,3,4109,2419,0,2,3310,1535,385,17018,1
467,28,11,12839,9976,0,216,11588,1035,0,89,8110,1777,386,31367,5
468,28,12,1484,1536,7,338,1051,88,9,373,1085,69,380,26070,1
469,28,13,1184,1481,0,225,869,90,0,337,1048,96,1731,38588,3
470,28,14,1388,916,543,82,672,91,0,163,680,73,4011,49651,17
471,28,15,2725,2240,1549,121,937,118,1556,104,515,65,393,25590,11
472,28,16,2258,1625,670,175,1327,86,892,118,575,40,186,18875,1
473,28,17,2264,1767,690,223,1290,60,750,181,787,49,698,18426,2
474,28,18,587,1189,175,65,324,23,473,131,556,29,1157,17926,0
475,28,19,192,285,38,26,113,15,91,29,137,28,712,12281,0
476,29,1,88,80,12,7,46,23,14,5,36,25,518,10800,10
477,29,2,173,154,26,7,123,17,28,5,92,29,580,16495,13
478,29,3,153,164,46,13,64,30,56,16,67,25,133,13618,3
479,29,4,617,115,45,11,79,12,36,12,50,17,188,13818,1
480,29,5,486,302,63,11,67,24,41,10,80,7,275,15317,7
481,29,6,274,317,35,8,77,9,48,13,81,11,126,13976,2
482,29,7,504,588,24,10,307,45,29,17,265,38,20,5859,0
483,29,8,2040,666,429,19,1232,277,20,20,354,163,72,6142,2
484,29,9,2585,1084,0,1,1875,709,0,1,835,248,189,9723,1
485,29,10,3881,3457,0,4,2408,1469,0,4,2281,1172,191,11309,1
486,29,11,9616,6227,0,48,8536,1032,0,4,4586,1637,164,17468,3
487,29,12,5225,7127,2,453,4499,271,0,103,6404,620,187,13321,3
488,29,13,1301,2249,0,200,995,106,0,513,1611,125,888,18956,3
489,29,14,749,606,129,44,490,86,0,61,489,56,2600,30365,17
490,29,15,1333,843,620,64,585,64,410,42,324,67,216,16496,4
491,29,16,1308,893,320,86,848,54,389,61,409,34,86,13317,2
492,29,17,1208,908,319,97,748,44,324,76,479,29,393,14362,0
493,29,18,390,669,82,38,249,21,218,80,352,19,689,14462,2
494,29,19,141,200,26,7,97,11,48,16,113,23,417,10943,0
495,30,1,102,85,11,12,55,7,5,11,55,14,587,6709,23
496,30,2,191,172,32,6,87,16,24,16,100,32,528,7915,17
497,30,3,145,97,14,3,65,32,13,5,56,23,183,5464,6
498,30,4,245,126,24,9,91,29,14,5,54,30,175,5862,4
499,30,5,173,128,28,7,61,7,20,10,54,11,466,7432,5
500,30,6,335,246,13,3,199,66,13,4,157,10,472,9999,12
501,30,7,501,218,40,16,351,68,9,1,147,22,69,5574,2
502,30,8,1431,461,29,25,1026,351,39,44,319,59,141,8670,0
503,30,9,1392,300,7,2,1071,311,14,6,266,14,345,9524,7
504,30,10,3155,1527,5,1,1382,1767,7,5,613,902,359,9391,8
505,30,11,5920,3437,0,1,2862,3057,0,0,1382,2055,288,15735,7
506,30,12,6940,7067,0,52,5235,1652,0,6,4188,2873,387,14109,6
507,30,13,2872,3976,12,152,2263,445,10,50,3101,815,1980,19855,14
508,30,14,3250,3956,0,613,2267,370,0,355,3044,557,2852,26078,42
509,30,15,1476,2042,0,227,1078,171,0,379,1420,243,122,19437,8
510,30,16,2190,1481,0,427,1569,194,0,266,1064,151,78,18989,2
511,30,17,1568,1734,123,235,1116,94,198,281,1138,117,191,17931,0
512,30,18,590,1099,136,86,337,31,249,165,635,50,453,15465,1
513,30,19,294,389,71,37,163,23,98,50,200,41,450,8151,0
514,31,1,172,167,52,16,91,7,59,16,78,14,2417,13930,39
515,31,2,187,183,24,21,93,14,32,15,109,25,1886,14460,25
516,31,3,209,120,44,13,111,6,22,15,76,7,420,7097,12
517,31,4,219,161,17,4,121,56,20,10,98,28,380,7417,5
518,31,5,344,155,36,26,177,97,28,13,75,29,585,8915,8
519,31,6,1851,1650,10,268,1397,176,34,278,1158,180,501,10181,8
520,31,7,993,475,118,56,643,176,155,54,230,36,53,5239,3
521,31,8,2073,821,0,4,1245,824,0,0,562,258,170,13600,2
522,31,9,4118,935,0,1,2436,1681,0,0,860,75,437,13293,4
523,31,10,11216,4459,0,14,8537,2665,0,4,2598,1857,480,15122,8
524,31,11,19309,13949,0,65,16795,2449,0,10,10970,2969,349,23652,8
525,31,12,11723,17693,0,905,10034,784,0,350,15561,1782,499,21204,7
526,31,13,7494,10406,0,2883,4330,281,0,2035,7839,532,2025,27992,11
527,31,14,4533,4620,1360,944,2062,167,0,1520,2860,240,6032,45586,31
528,31,15,3271,3125,1676,280,1162,153,1795,313,895,122,358,29434,9
529,31,16,4307,2577,1594,438,2140,135,1225,235,1030,87,81,27631,1
530,31,17,4989,4228,1709,703,2468,109,1647,561,1936,84,260,24633,1
531,31,18,1278,2448,405,193,639,41,924,365,1126,33,803,25548,1
532,31,19,564,1164,171,76,288,29,445,183,508,28,687,13438,1
533,32,1,53,77,9,6,28,10,16,8,34,19,847,7154,15
534,32,2,196,181,44,23,96,33,57,16,76,32,765,7926,16
535,32,3,284,202,66,25,120,21,70,26,84,22,251,5167,7
536,32,4,527,265,121,29,147,27,73,34,120,25,261,5633,6
537,32,5,446,238,116,28,103,22,105,20,69,14,458,6944,4
538,32,6,351,188,64,12,116,38,61,16,67,13,184,6359,8
539,32,7,495,178,45,20,245,87,39,12,66,17,35,4054,1
540,32,8,3597,3789,46,259,3063,221,30,41,3367,349,98,4831,1
541,32,9,3614,1409,0,2,2289,1321,1,1,1225,180,287,7472,1
542,32,10,5616,4815,0,11,3281,2324,0,3,2879,1933,259,9000,4
543,32,11,11001,7371,0,116,9071,1814,0,11,4886,2474,248,13822,2
544,32,12,5144,6845,0,315,4364,465,0,166,5736,943,288,12042,2
545,32,13,790,964,0,87,620,83,0,151,732,81,1127,19052,9
546,32,14,1340,657,726,52,458,104,0,62,507,88,3318,24769,14
547,32,15,1460,1380,866,59,455,80,918,57,327,78,260,13334,11
548,32,16,1430,1174,467,89,795,79,675,76,373,50,129,10798,2
549,32,17,1146,1129,346,143,615,42,467,102,508,52,419,11707,1
550,32,18,317,624,90,37,170,20,211,89,307,17,834,10595,2
551,32,19,130,213,43,8,75,4,62,27,101,23,511,6786,1
552,33,1,65,45,21,6,28,10,10,2,13,20,439,5304,20
553,33,2,74,101,27,7,31,9,19,5,46,31,486,6230,8
554,33,3,179,72,14,5,44,5,25,3,31,13,123,4113,5
555,33,4,390,133,24,5,39,17,18,4,43,13,147,3944,3
556,33,5,232,223,33,6,35,8,29,4,26,4,265,4834,5
557,33,6,199,200,12,8,69,22,24,5,50,4,99,4207,1
558,33,7,268,232,12,14,143,44,15,3,93,22,8,2455,0
559,33,8,1511,206,4,5,1252,244,3,1,177,16,38,2725,0
560,33,9,2192,506,0,0,1558,632,1,0,356,142,164,4307,0
561,33,10,3126,3471,0,3,1659,1464,0,6,2084,1381,165,4996,0
562,33,11,1281,1481,0,198,940,143,0,107,1151,223,178,8174,2
563,33,12,615,595,0,114,451,50,0,153,387,55,312,7956,4
564,33,13,410,555,0,58,300,52,0,96,414,45,857,12364,2
565,33,14,569,369,204,32,274,59,0,45,291,33,1766,14279,7
566,33,15,950,749,660,25,212,53,521,34,167,27,155,6964,3
567,33,16,726,604,239,58,383,46,384,27,170,23,61,5550,0
568,33,17,408,513,141,39,202,26,236,62,197,18,249,6193,0
569,33,18,152,220,31,11,104,6,93,25,89,13,469,5502,2
570,33,19,88,112,12,7,58,11,21,4,78,9,313,3290,0
571,34,1,102,84,37,13,43,9,32,9,37,6,1857,9746,27
572,34,2,193,178,58,24,90,21,73,16,67,22,1424,10060,27
573,34,3,107,119,38,10,45,14,34,18,48,19,297,5805,8
574,34,4,98,95,31,5,44,13,33,12,42,8,292,6009,4
575,34,5,208,52,13,0,16,9,9,4,23,14,456,7088,2
576,34,6,119,123,13,0,27,5,16,2,10,5,290,7437,5
577,34,7,66,110,9,2,19,4,14,1,23,14,43,4850,3
578,34,8,135,117,9,1,74,29,6,2,33,19,72,8906,0
579,34,9,2495,823,6,25,1583,874,5,12,542,254,292,9839,0
580,34,10,4974,1876,0,2,3867,1105,0,1,1173,702,271,15499,3
581,34,11,15201,9450,0,261,13325,1615,0,126,7547,1777,225,21718,5
582,34,12,2839,2929,0,900,1872,67,0,1057,1776,96,362,18114,3
583,34,13,1858,2376,0,401,1380,77,0,718,1587,71,1275,23218,10
584,34,14,1368,1404,248,193,829,98,0,290,1015,99,4659,32744,19
585,34,15,3104,1985,2015,251,732,106,1032,214,636,103,279,21406,8
586,34,16,3067,2083,1212,288,1445,122,1172,192,642,77,64,21269,1
587,34,17,3876,3007,1299,550,1944,83,1276,390,1289,52,245,21197,1
588,34,18,1281,2527,441,185,616,39,984,381,1131,31,662,21336,0
589,34,19,286,556,79,37,150,20,213,94,230,19,615,12920,0
590,35,1,176,104,29,11,44,14,40,7,30,7,197,1515,3
591,35,2,78,44,18,5,21,7,18,3,15,6,137,1577,1
592,35,3,242,152,48,18,74,13,61,25,44,22,41,1076,2
593,35,4,435,173,112,21,77,24,66,22,60,15,23,912,0
594,35,5,326,155,64,17,101,43,51,18,48,8,57,1092,0
595,35,6,581,100,13,5,440,88,19,2,40,20,57,1444,1
596,35,7,1289,241,2,0,791,496,3,0,221,17,15,638,0
597,35,8,4389,1739,15,45,3146,1149,10,30,1132,551,12,789,0
598,35,9,5219,3142,0,16,3897,1306,0,3,2364,775,43,1370,0
599,35,10,623,570,0,12,383,228,0,18,304,248,41,1680,2
600,35,11,268,186,0,65,190,13,0,47,129,10,67,3037,1
601,35,12,247,233,0,64,181,2,0,63,159,11,81,2112,1
602,35,13,176,200,0,26,133,17,0,38,161,1,283,3032,2
603,35,14,163,135,36,13,92,22,0,17,106,12,541,4867,4
604,35,15,334,198,156,31,119,28,86,21,74,17,43,2796,1
605,35,16,324,188,99,41,163,21,81,17,82,8,10,2600,0
606,35,17,282,244,81,36,156,9,88,40,107,9,44,2798,0
607,35,18,90,173,22,10,49,7,55,24,87,6,92,2463,0
608,35,19,45,51,13,5,23,4,11,8,24,8,92,1542,0
609,36,1,101,91,23,5,62,11,21,8,44,18,1681,11874,21
610,36,2,93,85,19,11,53,10,24,5,42,14,1313,12691,20
611,36,3,67,105,20,7,29,5,21,7,53,24,445,7284,13
612,36,4,34,12,8,2,10,6,4,0,6,2,402,8004,9
613,36,5,51,46,13,3,24,3,9,6,24,7,565,9079,5
614,36,6,33,21,2,4,13,10,3,4,10,2,332,9185,5
615,36,7,95,37,2,4,55,27,2,0,26,8,45,5420,4
616,36,8,6871,7692,0,268,5766,837,0,113,6099,1480,118,6185,1
617,36,9,5182,8375,0,1391,3331,460,0,781,6670,924,461,8843,3
618,36,10,2317,3883,0,554,1552,211,0,1074,2478,331,382,11290,7
619,36,11,2158,2115,0,521,1472,165,0,496,1432,187,441,20692,1
620,36,12,2063,1942,0,430,1501,132,0,461,1334,147,603,18882,10
621,36,13,1362,1778,0,176,1065,121,0,328,1338,112,1800,29735,18
622,36,14,1112,1224,30,132,818,132,0,167,943,114,4412,35761,33
623,36,15,2177,1095,1347,123,583,124,360,93,569,73,332,17815,6
624,36,16,1805,1803,634,149,883,139,1047,121,563,72,129,14985,2
625,36,17,2453,1738,804,255,1280,114,708,180,776,74,420,14672,0
626,36,18,750,1612,202,81,428,39,577,206,769,60,807,13569,3
627,36,19,242,364,57,26,150,9,123,38,181,22,666,7929,2
628,37,1,80,77,20,15,42,3,16,7,49,5,486,3433,9
629,37,2,102,117,12,8,69,9,34,18,53,12,313,3765,11
630,37,3,136,82,26,12,61,9,13,11,50,7,86,2515,3
631,37,4,168,110,26,18,79,31,23,10,61,13,88,2787,3
632,37,5,922,393,22,10,587,276,23,7,237,95,257,3510,3
633,37,6,3462,3661,6,115,2369,968,14,25,2745,874,281,4593,6
634,37,7,269,106,33,17,203,16,20,19,57,10,24,2735,2
635,37,8,1930,580,5,3,1484,438,5,4,532,39,48,4974,3
636,37,9,3299,2070,0,5,2356,938,0,2,1251,817,168,5124,2
637,37,10,2261,3040,0,154,1810,297,0,64,2398,578,178,6554,2
638,37,11,1080,867,0,230,763,87,0,163,620,84,147,10457,2
639,37,12,1326,1063,0,295,929,102,0,270,722,71,207,9801,3
640,37,13,1092,1028,0,155,870,67,0,180,767,81,871,12725,8
641,37,14,779,879,3,91,631,54,1,133,676,69,1487,17118,28
642,37,15,942,615,394,108,399,41,44,73,444,54,92,13645,6
643,37,16,1020,853,288,130,550,52,347,101,357,48,21,12167,1
644,37,17,1804,1071,448,255,1048,53,288,150,588,45,57,9199,0
645,37,18,673,1181,157,98,396,22,299,182,666,34,181,8338,1
646,37,19,204,302,47,26,121,10,68,45,179,10,204,4455,0
647,38,1,109,55,12,9,74,14,11,1,39,4,459,9663,9
648,38,2,306,91,9,6,209,70,5,5,56,13,385,15520,7
649,38,3,1288,558,19,5,624,640,7,2,220,327,113,15660,2
650,38,4,2008,834,0,1,1416,591,0,0,468,366,115,15068,2
651,38,5,1749,1394,9,6,878,856,3,2,590,799,429,18038,1
652,38,6,1780,1790,2,5,1052,717,2,2,801,976,293,17229,4
653,38,7,5270,2586,0,32,4479,759,3,9,1678,896,44,5069,1
654,38,8,4831,5789,0,367,4156,308,0,87,5066,636,115,4706,0
655,38,9,1508,2359,0,264,1111,133,0,417,1753,189,275,5426,2
656,38,10,595,763,10,88,453,44,4,87,598,74,206,7588,6
657,38,11,1187,795,0,201,877,109,0,111,609,75,220,15153,1
658,38,12,1123,844,11,182,832,98,8,135,616,85,253,13409,1
659,38,13,1324,1141,0,152,1099,73,0,132,934,75,1373,18308,2
660,38,14,726,763,0,56,584,80,4,77,597,70,2124,31637,18
661,38,15,1672,1154,728,109,758,77,413,105,583,53,405,29012,2
662,38,16,1632,931,345,184,1035,68,259,86,529,57,85,15624,2
663,38,17,961,1186,191,92,642,36,280,164,693,49,551,15958,1
664,38,18,377,524,72,41,244,20,115,55,332,22,629,15932,1
665,38,19,210,217,34,19,140,17,43,14,136,24,399,8852,1
666,39,1,375,322,38,35,256,25,58,42,198,21,1056,6681,19
667,39,2,556,324,7,26,353,153,13,57,205,43,944,7370,16
668,39,3,2137,2860,47,90,1812,176,38,72,2562,186,194,3944,3
669,39,4,2556,958,114,63,1360,1019,77,53,758,70,200,4408,1
670,39,5,3745,1244,0,2,2231,1512,0,1,939,304,373,5297,4
671,39,6,6530,5701,0,10,4400,2120,0,3,3378,2320,243,5837,6
672,39,7,9193,8076,0,198,7864,1131,0,49,6004,2023,31,3015,3
673,39,8,4699,7598,0,868,3329,502,0,300,6418,880,87,11647,1
674,39,9,2165,3742,0,601,1395,169,0,960,2434,348,302,10253,1
675,39,10,1323,1577,0,343,886,94,0,390,1072,115,285,6604,4
676,39,11,1844,1422,0,512,1214,118,0,388,927,107,208,12678,9
677,39,12,1553,1558,0,291,1189,73,0,401,1073,84,436,11832,3
678,39,13,1081,1387,0,119,895,67,0,228,1076,83,1273,15087,12
679,39,14,1551,821,831,127,505,88,1,94,664,62,3566,22531,17
680,39,15,1090,1412,448,93,470,79,819,110,435,48,198,11691,9
681,39,16,1928,1091,662,236,954,76,462,127,460,42,67,10693,2
682,39,17,1116,1611,374,160,540,41,633,237,691,50,260,11243,1
683,39,18,354,551,73,42,193,14,196,78,254,22,662,10702,0
684,39,19,230,102,56,13,56,9,29,5,35,7,492,6002,0
685,40,1,126,116,33,5,30,7,35,7,46,9,2167,12266,39
686,40,2,224,152,33,11,73,46,40,6,48,14,1638,12652,29
687,40,3,302,104,15,9,201,57,14,7,34,16,391,6873,12
688,40,4,2522,600,1,2,1780,737,0,0,545,54,329,7893,5
689,40,5,5550,1215,0,7,3464,2079,0,0,980,235,615,9664,9
690,40,6,11233,6353,0,14,8699,2520,0,4,3970,2379,354,10414,6
691,40,7,13611,13661,0,140,12064,1406,0,28,11092,2541,57,6266,7
692,40,8,9261,11039,0,1159,7553,549,0,332,9719,988,116,6377,1
693,40,9,6027,8437,0,1667,4093,267,0,1507,6471,459,424,9011,2
694,40,10,2783,4073,0,752,1890,141,0,1089,2801,183,371,13629,4
695,40,11,3925,2795,0,1285,2494,146,0,836,1825,134,354,25158,4
696,40,12,2960,3344,0,723,2115,122,0,1104,2112,128,506,20946,5
697,40,13,1738,2389,0,315,1334,89,0,484,1799,106,1909,34180,10
698,40,14,2327,1474,1077,231,910,109,0,234,1103,137,5486,40773,16
699,40,15,2304,2324,1125,198,854,127,1249,227,755,93,272,21116,6
700,40,16,4241,2077,1451,414,2270,106,908,215,887,67,86,19580,1
701,40,17,3292,3582,1022,424,1768,78,1298,416,1806,62,288,19871,1
702,40,18,795,1726,252,104,388,20,586,243,856,41,607,19519,0
703,40,19,382,194,95,32,99,13,62,23,69,11,562,11748,1
704,41,1,193,112,25,7,78,15,26,14,23,6,756,10736,23
705,41,2,410,125,23,8,265,58,22,7,52,16,651,15468,19
706,41,3,805,199,22,13,667,77,18,6,140,9,201,9977,6
707,41,4,2653,660,3,2,1921,716,4,2,615,33,255,10086,4
708,41,5,6238,3676,0,3,4251,1984,0,0,2632,1044,357,10176,4
709,41,6,7568,5877,0,4,4841,2723,0,0,3746,2131,175,11813,3
710,41,7,17993,11113,0,103,16735,1155,0,16,9020,2077,43,5405,0
711,41,8,7315,15159,0,524,6296,495,0,155,14251,753,132,8015,2
712,41,9,2742,5263,0,495,2060,186,0,661,4179,423,338,10734,0
713,41,10,1152,1618,0,185,865,102,0,290,1197,131,193,11494,1
714,41,11,1270,1062,0,254,928,88,0,164,805,93,225,16774,4
715,41,12,960,976,0,161,714,85,0,155,748,73,267,15369,3
716,41,13,803,782,0,141,539,123,0,129,550,103,1577,26855,3
717,41,14,1967,813,889,81,841,156,0,92,515,206,3022,35065,11
718,41,15,1745,1623,442,58,1146,99,1013,70,466,74,291,19589,3
719,41,16,1935,983,398,126,1317,94,305,70,548,60,210,13406,1
720,41,17,867,881,208,72,539,48,278,75,480,48,721,15479,1
721,41,18,362,172,15,34,77,17,26,16,69,26,1015,14099,2
722,41,19,303,232,41,29,74,13,23,12,63,14,751,11015,0
723,42,1,100,87,13,13,53,16,12,5,46,18,1407,12222,18
724,42,2,512,509,25,55,298,99,25,12,304,54,1062,13086,17
725,42,3,667,440,14,55,470,72,5,27,302,29,391,7181,7
726,42,4,2599,1215,3,14,2225,351,6,2,850,345,264,7422,5
727,42,5,5514,2145,1,4,3410,2099,5,1,1624,515,466,8833,6
728,42,6,8350,5867,3,22,6110,2215,1,8,3812,2046,267,9108,7
729,42,7,12447,10344,0,219,11117,1110,0,37,8107,2200,42,4484,4
730,42,8,7620,11082,4,1149,5900,567,0,343,9822,917,141,5991,1
731,42,9,3466,6030,0,801,2467,198,0,1294,4350,386,333,9079,1
732,42,10,1927,2495,0,479,1322,126,0,599,1776,120,332,11308,4
733,42,11,2242,1831,0,555,1581,106,0,479,1231,121,330,20574,3
734,42,12,1578,1864,0,312,1162,104,0,454,1320,90,385,17643,3
735,42,13,1003,1266,0,144,772,87,0,229,946,91,1379,27214,5
736,42,14,2412,836,1521,129,653,109,2,114,622,98,4134,32749,23
737,42,15,1607,2199,647,86,771,103,1512,120,482,85,284,17059,10
738,42,16,2540,1418,793,228,1450,69,652,125,583,58,108,14308,2
739,42,17,1454,1961,454,188,763,49,734,218,973,36,505,15306,0
740,42,18,342,712,90,45,188,19,246,92,350,24,730,14381,0
741,42,19,157,214,37,9,93,18,65,26,100,23,597,8733,1
742,43,1,81,67,16,2,53,10,21,7,37,2,265,4105,3
743,43,2,1594,1357,0,0,1327,267,0,0,1037,320,268,3862,1
744,43,3,1907,1003,79,12,1564,95,19,6,867,100,82,2425,1
745,43,4,415,349,95,16,164,21,99,9,85,15,137,2751,1
746,43,5,634,628,36,6,562,13,170,8,408,33,168,2766,1
747,43,6,1634,863,0,0,1290,344,0,0,843,20,48,2368,1
748,43,7,5315,3235,0,9,5066,239,0,2,2898,334,7,1454,0
749,43,8,2080,4700,2,116,1892,70,0,23,4562,115,55,2242,0
750,43,9,816,1399,0,121,659,36,0,140,1210,49,122,3309,0
751,43,10,327,491,0,47,260,20,0,78,391,22,113,3142,0
752,43,11,452,356,0,84,350,18,0,59,276,21,81,4073,0
753,43,12,1185,409,1,41,974,163,2,56,323,25,146,3872,0
754,43,13,1756,1047,2,188,1434,83,1,75,833,129,701,6934,2
755,43,14,235,234,0,16,198,21,0,21,201,12,869,7673,4
756,43,15,472,182,176,10,261,25,7,10,147,18,67,3846,1
757,43,16,489,226,64,25,383,17,62,13,136,15,37,2917,0
758,43,17,238,257,49,15,165,9,64,17,164,12,219,3025,0
759,43,18,65,96,11,3,45,6,28,14,46,8,264,2656,0
760,43,19,38,41,4,0,29,5,9,2,22,8,181,1782,0
761,44,1,935,801,1,231,560,135,0,47,614,133,572,9127,22
762,44,2,116,77,7,6,56,28,7,3,39,11,535,10482,15
763,44,3,115,106,10,3,70,16,4,5,57,13,163,6928,6
764,44,4,241,128,5,3,206,10,1,3,93,9,138,6977,3
765,44,5,1427,452,4,0,748,666,2,1,352,73,315,7561,1
766,44,6,1859,819,11,8,853,980,17,10,381,397,262,8555,11
767,44,7,3997,4294,3,14,2105,1875,2,13,2080,2199,28,4328,1
768,44,8,7366,6727,0,77,5698,1590,0,26,4086,2615,103,10567,3
769,44,9,3034,4704,0,570,2140,324,0,487,3527,690,236,10160,8
770,44,10,712,812,7,148,442,101,8,189,488,93,297,8776,6
771,44,11,1286,1082,0,283,888,115,0,226,743,113,231,13768,3
772,44,12,1450,1241,0,316,1016,118,0,290,831,120,305,12647,4
773,44,13,968,1110,0,97,778,93,0,161,855,94,1498,18213,8
774,44,14,1531,863,747,114,543,127,0,89,665,109,2197,23775,23
775,44,15,1207,1401,461,100,557,89,806,97,402,96,115,15746,3
776,44,16,1573,982,460,177,848,88,356,105,463,58,55,14859,0
777,44,17,822,1106,226,121,437,38,379,150,533,44,260,16833,1
778,44,18,345,498,74,51,201,19,147,71,257,23,556,16277,1
779,44,19,148,207,30,13,89,16,38,27,113,29,429,10145,0
780,45,1,276,59,26,8,194,39,10,5,37,5,495,5224,4
781,45,2,1870,1558,11,225,1059,559,8,329,1014,204,468,6864,15
782,45,3,1982,2743,0,196,1542,244,0,151,2211,381,148,4502,4
783,45,4,2755,1126,11,7,1434,1295,6,4,546,565,182,6310,3
784,45,5,1457,592,0,1,724,732,0,3,437,152,401,7572,3
785,45,6,3311,1804,0,3,1877,1431,0,0,932,872,330,9476,5
786,45,7,4689,4356,0,17,3728,944,0,5,2851,1500,31,4771,4
787,45,8,2919,3564,0,166,2381,372,0,47,2870,647,81,6059,1
788,45,9,2207,2611,0,393,1636,178,0,297,2077,237,194,9578,4
789,45,10,1220,1553,0,194,929,97,0,221,1191,141,235,11801,6
790,45,11,1511,1085,0,321,1067,123,0,208,794,83,178,16744,4
791,45,12,1410,1284,0,216,1112,82,0,261,917,106,203,11611,2
792,45,13,1286,1317,0,155,1063,68,0,167,1075,75,1375,16695,7
793,45,14,1073,980,210,102,678,83,0,103,810,67,2348,22249,29
794,45,15,1052,930,297,95,594,66,235,73,541,81,113,14519,11
795,45,16,1566,884,402,177,934,53,225,91,513,55,34,13282,1
796,45,17,1213,883,254,134,783,42,214,117,511,41,99,15032,0
797,45,18,205,145,34,22,114,14,27,11,92,15,287,14260,0
798,45,19,218,132,47,19,104,23,30,17,67,14,291,9765,2
799,46,1,95,59,22,11,22,5,13,11,18,4,766,7932,11
800,46,2,181,125,29,11,84,28,22,6,52,14,614,9599,11
801,46,3,171,113,16,8,72,43,20,13,48,10,165,5707,6
802,46,4,713,232,6,5,532,160,5,5,121,86,218,5163,2
803,46,5,1217,648,5,6,751,441,5,5,318,308,289,5791,6
804,46,6,4602,2431,0,8,2587,2007,0,1,1582,848,166,6388,4
805,46,7,6571,5071,0,69,4926,1576,0,28,3100,1943,22,3952,1
806,46,8,6202,7099,0,375,5377,450,0,215,5996,888,80,5270,1
807,46,9,3953,5540,0,1310,2419,223,0,915,4253,372,170,6687,3
808,46,10,1462,2455,0,386,990,86,0,641,1656,158,161,8517,0
809,46,11,1398,1289,0,367,972,59,0,338,870,81,372,13795,2
810,46,12,1223,1245,0,289,859,75,0,346,845,54,288,11541,2
811,46,13,769,813,5,132,538,68,9,177,562,46,865,14297,5
812,46,14,551,600,11,73,383,66,1,100,442,39,2589,27779,11
813,46,15,1584,550,982,104,402,96,0,92,391,67,260,15595,6
814,46,16,1115,1279,490,75,455,82,877,82,262,42,102,11985,2
815,46,17,140,144,38,12,69,16,42,12,48,33,314,12109,0
816,46,18,194,119,31,12,49,23,38,7,56,18,662,11794,1
817,46,19,232,140,36,9,47,8,36,10,43,17,461,6981,0
818,47,1,600,424,102,46,379,38,71,19,245,63,384,4584,7
819,47,2,1179,180,2,0,903,250,4,0,131,24,423,5366,5
820,47,3,3675,2965,30,53,2741,839,68,22,1877,983,154,3545,7
821,47,4,830,595,337,73,383,29,264,65,219,25,128,3549,1
822,47,5,928,606,13,1,735,166,7,0,537,45,197,4360,3
823,47,6,3292,1811,0,2,1657,1633,0,3,1139,669,88,3956,1
824,47,7,3966,3396,0,14,2658,1293,0,3,1632,1760,16,1897,1
825,47,8,3833,5261,0,275,3203,355,0,80,4301,880,54,2781,0
826,47,9,1900,2885,0,789,961,150,0,294,2324,267,160,5631,2
827,47,10,623,1515,0,212,355,56,0,750,673,92,130,4463,1
828,47,11,438,462,1,115,265,52,1,142,266,48,126,7600,3
829,47,12,511,507,2,109,352,48,14,130,311,52,244,7166,1
830,47,13,579,534,198,65,285,31,264,58,195,17,694,10343,3
831,47,14,155,305,56,13,76,10,135,27,125,18,1535,12408,9
832,47,15,70,77,17,4,41,8,27,5,38,7,155,6764,2
833,47,16,45,91,9,2,21,12,24,3,26,38,91,5259,1
834,47,17,55,68,14,1,28,12,11,3,28,26,322,6113,0
835,47,18,162,49,18,1,12,11,15,0,19,15,489,6189,0
836,47,19,218,112,14,1,20,7,19,1,21,18,293,4071,0
837,48,1,182,245,28,4,25,6,14,3,21,8,1311,16294,14
838,48,2,274,276,33,8,97,27,23,2,45,23,1105,17799,15
839,48,3,1749,1016,7,18,1503,183,11,9,552,400,296,10165,3
840,48,4,2017,810,3,40,1212,760,0,61,610,139,375,11277,2
841,48,5,3636,1487,481,12,2551,592,0,21,1427,39,544,11651,6
842,48,6,7198,4944,0,7,5495,1695,0,1,3807,1136,251,10412,4
843,48,7,19235,9173,0,42,17838,1354,0,9,7338,1825,27,6444,1
844,48,8,14949,21349,0,371,13995,582,0,118,20109,1122,170,9446,1
845,48,9,5044,9705,0,1244,3597,203,0,668,8628,409,441,13111,0
846,48,10,2055,3744,0,394,1529,132,0,857,2734,153,372,14566,3
847,48,11,1335,2260,260,71,913,78,1468,98,571,63,344,23206,4
848,48,12,1883,1128,426,106,1272,78,505,59,507,37,474,20201,1
849,48,13,2315,1530,569,220,1467,59,558,158,777,37,2189,33001,2
850,48,14,676,1142,189,75,401,11,361,145,616,20,3866,34835,19
851,48,15,199,304,59,17,113,10,110,39,148,7,341,19822,3
852,48,16,197,194,55,18,102,22,59,11,100,24,229,17296,0
853,48,17,160,140,44,11,83,22,44,11,71,14,909,19305,0
854,48,18,630,148,36,10,70,15,48,13,65,22,1285,17500,0
855,48,19,689,375,48,7,64,15,36,4,67,16,807,14263,1
856,49,1,171,189,11,0,109,10,7,4,101,12,429,5961,6
857,49,2,285,349,10,11,173,18,27,6,178,15,380,6419,7
858,49,3,550,537,21,13,384,37,21,12,315,23,110,4460,0
859,49,4,2065,610,16,7,1571,428,10,7,496,37,108,5129,2
860,49,5,3351,1249,1,1,2332,1017,0,1,809,439,331,7053,2
861,49,6,2532,2099,0,1,1213,1318,0,1,873,1225,302,7867,6
862,49,7,4772,2903,0,15,3453,1304,0,1,1548,1354,48,5042,1
863,49,8,3465,4421,0,64,2929,471,0,20,3496,905,79,5203,2
864,49,9,2354,2856,0,310,1811,233,0,83,2401,372,199,6751,3
865,49,10,1160,1877,0,155,865,140,0,295,1403,179,195,7281,6
866,49,11,1181,840,351,95,619,116,66,61,618,95,169,13010,5
867,49,12,984,894,216,87,614,67,273,75,488,58,249,12231,8
868,49,13,1297,1094,260,144,845,48,238,127,678,51,1264,17364,4
869,49,14,469,717,97,54,288,25,131,71,481,31,1809,21608,30
870,49,15,197,290,37,19,129,12,60,38,175,17,99,14529,2
871,49,16,166,144,24,12,106,15,24,14,86,18,49,13219,1
872,49,17,133,113,12,5,96,13,14,6,75,18,114,12232,0
873,49,18,124,101,13,8,75,11,7,6,78,10,328,10833,0
874,49,19,134,110,16,7,70,10,15,6,73,13,283,7878,0
875,50,1,291,80,35,24,170,24,15,3,32,8,1157,7796,18
876,50,2,428,116,56,29,205,77,19,13,50,17,867,8128,12
877,50,3,227,139,36,11,93,31,25,18,62,15,249,4724,5
878,50,4,1089,611,72,53,564,375,63,26,271,238,201,5666,4
879,50,5,403,134,20,7,262,105,24,11,85,12,497,6892,5
880,50,6,1712,413,1,3,899,808,3,1,333,76,302,7587,12
881,50,7,6843,3336,1,10,5167,1661,3,6,1861,1466,41,4193,5
882,50,8,7631,8343,0,245,6564,822,0,52,6563,1728,113,4815,1
883,50,9,2908,3980,0,427,2260,221,0,379,3248,353,280,6372,1
884,50,10,1192,1400,0,160,939,93,0,200,1114,86,279,8535,3
885,50,11,1840,1199,893,150,706,91,187,139,763,110,247,18141,2
886,50,12,1578,1055,530,141,820,76,412,109,462,66,248,15502,1
887,50,13,3111,1788,891,363,1784,66,614,194,927,51,1438,23103,2
888,50,14,1216,2225,329,175,683,29,696,284,1203,42,3195,26010,10
889,50,15,283,504,78,35,157,13,153,73,266,12,189,16826,4
890,50,16,193,235,47,23,114,9,63,26,131,15,61,15445,2
891,50,17,295,177,57,23,167,26,37,25,93,10,191,15155,0
892,50,18,186,153,40,12,91,20,26,24,88,15,466,14836,1
893,50,19,275,138,46,17,103,17,30,13,81,9,400,9147,0
894,51,1,1203,732,7,3,765,419,4,3,414,307,681,4634,13
895,51,2,167,73,31,13,64,14,28,8,29,5,643,5610,6
896,51,3,529,339,13,3,291,189,13,6,182,129,159,3907,4
897,51,4,3864,3080,1,30,2511,1315,2,2,2353,720,128,3851,4
898,51,5,689,583,129,40,426,90,261,42,253,26,283,4306,2
899,51,6,1953,763,0,1,1228,724,0,1,466,296,226,4963,0
900,51,7,3909,1892,2,11,3029,855,7,1,1111,767,56,2602,2
901,51,8,4813,6413,0,371,3881,561,0,147,5237,1029,65,8151,0
902,51,9,1095,1423,0,210,824,61,0,306,1042,75,210,7619,0
903,51,10,636,851,0,83,503,50,0,141,662,48,199,6446,5
904,51,11,1448,1110,725,138,516,69,511,122,410,67,154,9775,3
905,51,12,879,458,247,89,481,50,175,45,208,21,236,9892,5
906,51,13,1681,1300,545,245,851,39,485,181,603,30,1063,12315,7
907,51,14,589,1142,190,85,295,19,409,165,550,18,2522,20479,12
908,51,15,174,299,56,19,87,12,115,39,128,17,149,11300,5
909,51,16,106,143,22,11,63,10,45,19,59,20,42,10448,1
910,51,17,85,96,20,8,43,13,15,9,51,20,135,10360,0
911,51,18,90,72,28,9,37,3,27,7,32,6,348,9201,0
912,51,19,140,102,35,7,42,9,36,9,42,13,333,5564,1
913,52,1,148,100,10,5,95,9,4,1,82,8,370,5605,5
914,52,2,2332,801,0,0,1502,830,0,0,627,174,288,6136,4
915,52,3,2657,2312,0,102,1863,692,0,205,1387,720,102,4130,2
916,52,4,2228,3252,0,94,1841,293,0,35,2707,510,97,3490,1
917,52,5,1232,1524,6,320,780,112,2,84,1228,205,226,4383,3
918,52,6,862,1280,0,135,615,112,0,296,838,146,220,5425,5
919,52,7,743,673,2,132,531,76,1,101,493,77,18,2506,1
920,52,8,1024,817,0,175,772,77,0,169,565,83,88,3237,2
921,52,9,864,815,0,92,711,61,0,97,651,67,187,4779,3
922,52,10,671,744,0,62,550,59,0,87,588,69,148,5473,0
923,52,11,1015,737,474,71,402,68,191,64,426,56,138,8067,2
924,52,12,717,633,199,74,398,45,264,39,292,38,180,8068,1
925,52,13,1059,774,255,135,625,44,226,93,423,32,1064,12563,5
926,52,14,461,648,107,69,265,20,147,82,385,34,1539,15668,13
927,52,15,155,205,39,27,81,8,44,31,117,13,73,10655,5
928,52,16,95,122,19,9,53,14,30,14,61,14,34,9730,0
929,52,17,85,72,14,5,51,15,26,6,27,13,170,9492,0
930,52,18,111,75,11,4,52,9,13,5,46,11,320,9048,0
931,52,19,134,74,13,4,53,5,17,1,28,12,282,5715,1
932,53,1,67,54,4,3,43,6,2,0,36,6,258,4312,2
933,53,2,97,54,8,3,50,9,14,2,27,4,272,4251,0
934,53,3,148,102,12,5,81,28,5,3,56,12,93,3281,0
935,53,4,1474,2429,9,13,1393,44,3,6,2371,34,137,3553,0
936,53,5,1376,3386,0,88,1252,36,0,19,3317,50,178,3521,0
937,53,6,705,1093,0,54,631,20,0,84,981,28,45,3737,0
938,53,7,555,362,0,75,465,14,0,17,332,11,13,1975,0
939,53,8,640,382,0,104,503,33,0,14,355,13,63,3901,0
940,53,9,455,322,0,57,360,38,0,23,290,9,155,4580,0
941,53,10,510,202,0,34,405,71,0,6,183,13,79,4346,0
942,53,11,809,362,119,11,648,31,155,6,197,4,93,5779,0
943,53,12,613,136,44,10,535,21,35,3,95,0,109,5024,0
944,53,13,474,163,44,21,406,3,25,9,128,1,824,8670,0
945,53,14,224,110,26,15,182,1,18,9,82,1,836,7591,2
946,53,15,103,35,16,5,79,3,6,2,22,5,77,3718,0
947,53,16,141,66,16,8,109,8,7,1,30,28,58,2769,0
948,53,17,86,63,5,3,69,9,3,0,41,19,208,2903,0
949,53,18,94,34,8,5,57,2,2,1,24,7,346,2595,0
950,53,19,120,35,7,7,62,8,5,2,16,5,206,1787,0
951,54,1,223,446,3,23,175,14,0,45,380,18,499,3724,9
952,54,2,560,929,3,51,442,58,2,102,752,64,474,4503,1
953,54,3,1046,627,0,9,825,208,3,15,412,185,139,2660,1
954,54,4,3867,3838,0,70,3276,521,0,13,2888,937,93,2708,2
955,54,5,1988,2336,0,604,1255,129,0,135,1966,235,180,3205,1
956,54,6,449,1006,2,172,240,21,3,450,504,39,75,3220,0
957,54,7,326,337,1,108,188,23,6,102,202,23,15,1521,0
958,54,8,687,510,0,193,459,35,2,165,310,31,33,7191,0
959,54,9,699,653,0,89,585,25,0,152,471,30,131,5645,0
960,54,10,566,686,0,42,494,30,0,70,590,26,156,3083,1
961,54,11,643,407,362,32,215,34,0,32,355,20,160,5462,1
962,54,12,549,646,235,31,251,32,425,30,178,13,292,6130,0
963,54,13,1285,496,182,80,738,285,125,42,292,37,995,8935,1
964,54,14,236,540,53,29,142,12,180,70,280,10,1476,10160,10
965,54,15,184,110,26,9,147,2,25,10,72,3,91,4894,3
966,54,16,43,111,9,4,26,4,10,6,88,7,41,4321,0
967,54,17,49,50,10,3,22,14,9,1,27,13,117,4153,0
968,54,18,45,33,13,6,19,7,8,3,14,8,303,3851,0
969,54,19,104,45,8,3,28,5,7,3,27,8,199,2375,0
970,55,1,943,908,1,9,534,398,1,3,577,327,460,3260,6
971,55,2,2021,938,0,3,1224,794,0,0,608,330,411,3814,11
972,55,3,2895,2159,0,5,1998,892,0,1,1161,997,125,2293,6
973,55,4,4374,3407,0,54,3599,721,0,6,2527,874,187,2570,3
974,55,5,2667,3703,0,307,2102,258,0,109,3053,541,242,3201,2
975,55,6,1253,2321,0,317,830,106,0,400,1706,215,153,3313,1
976,55,7,614,818,0,115,442,57,0,174,574,70,17,2048,0
977,55,8,722,570,0,128,538,56,0,105,416,49,76,2442,1
978,55,9,708,689,0,101,551,56,0,116,517,56,179,3373,1
979,55,10,456,568,0,29,392,35,0,77,457,34,183,3833,0
980,55,11,648,408,296,26,273,53,0,23,355,30,173,6113,0
981,55,12,571,627,238,21,259,53,359,30,210,28,205,5945,2
982,55,13,741,456,186,65,452,38,170,32,227,27,614,7750,1
983,55,14,394,568,89,34,255,16,181,55,309,23,1448,10380,8
984,55,15,173,175,15,7,145,6,40,22,106,7,160,5575,0
985,55,16,53,91,9,4,35,5,14,4,64,9,56,4394,3
986,55,17,72,48,11,7,51,3,9,4,29,6,203,4378,1
987,55,18,53,47,14,4,29,6,10,3,27,7,359,3709,0
988,55,19,292,159,11,1,179,37,15,6,124,10,231,2125,1
989,56,1,2376,1867,0,2,1557,817,0,0,1443,424,605,14150,4
990,56,2,6130,4785,2,10,3994,2124,17,3,3078,1687,742,14896,7
991,56,3,4966,2872,10,12,4378,566,21,8,1967,876,253,9199,0
992,56,4,21564,12326,0,183,20878,502,0,31,10942,1353,416,10310,0
993,56,5,7376,17736,0,807,6374,195,0,226,17198,312,523,10467,0
994,56,6,1979,4653,0,433,1457,89,0,946,3566,141,110,8846,1
995,56,7,676,940,0,87,548,41,0,116,765,59,18,5387,1
996,56,8,818,643,0,94,674,50,0,80,520,43,165,8456,0
997,56,9,639,688,0,64,503,72,0,80,564,44,441,13848,1
998,56,10,552,445,0,36,432,84,0,42,358,45,296,13068,0
999,56,11,2783,495,1639,45,962,137,1,27,412,55,317,18921,0
1000,56,12,2146,2332,403,43,1624,76,1750,44,514,24,443,16728,0
1001,56,13,1534,571,230,64,1200,40,202,46,301,22,2533,34051,2
1002,56,14,612,445,58,19,522,13,156,26,244,19,3112,32819,5
1003,56,15,338,116,32,4,289,13,28,6,73,9,365,14867,2
1004,56,16,250,126,20,8,181,41,21,0,64,41,305,12026,1
1005,56,17,470,340,18,0,183,22,21,1,196,25,976,15185,0
1006,56,18,746,773,9,11,616,46,23,10,529,48,1238,13638,0
1007,56,19,2946,1400,15,5,2120,779,9,5,1002,324,783,7770,3
1008,57,1,1566,642,0,4,920,642,0,2,466,174,643,5530,15
1009,57,2,4151,2316,0,10,2672,1469,0,4,1470,842,507,6809,14
1010,57,3,4053,3015,3,22,2989,1039,3,4,1698,1307,168,4626,3
1011,57,4,5233,3899,0,74,4254,905,0,10,3038,851,192,4102,2
1012,57,5,4924,5913,0,416,4137,370,0,158,5130,625,242,4599,2
1013,57,6,2161,3856,0,506,1538,117,0,812,2800,244,149,5069,5
1014,57,7,1185,1568,0,291,822,72,0,338,1133,97,11,3229,1
1015,57,8,1386,1219,0,361,952,73,0,337,823,59,69,4309,1
1016,57,9,959,1081,0,142,752,65,0,236,778,67,162,5707,2
1017,57,10,623,772,0,89,465,69,0,113,603,56,157,8227,4
1018,57,11,1516,501,958,85,417,56,17,54,379,51,252,12895,2
1019,57,12,1034,1318,394,74,503,63,903,90,294,31,187,11710,3
1020,57,13,1660,933,556,144,894,66,391,101,403,38,695,15185,2
1021,57,14,650,1179,178,77,371,24,467,128,552,32,2376,24513,11
1022,57,15,199,288,57,22,114,6,97,36,142,13,215,12843,2
1023,57,16,179,143,43,11,64,12,37,12,62,16,99,9755,0
1024,57,17,126,122,19,5,38,8,16,8,43,6,296,9993,0
1025,57,18,215,129,17,6,120,27,19,1,49,18,558,9821,2
1026,57,19,1114,250,7,3,797,302,8,4,190,35,404,6133,0
1027,58,1,367,35,0,1,323,43,0,0,35,0,380,5891,11
1028,58,2,2841,2474,2,3,1632,1195,0,3,1709,757,393,9693,6
1029,58,3,4502,2978,4,17,3564,915,4,4,1884,1086,117,9954,4
1030,58,4,9179,7357,0,64,8171,944,0,15,5647,1695,162,9828,3
1031,58,5,4551,8056,0,388,3845,318,0,119,7432,505,209,10196,2
1032,58,6,1820,3389,0,308,1373,139,0,480,2653,256,106,9726,2
1033,58,7,737,1117,0,108,551,78,0,157,873,87,17,4138,0
1034,58,8,869,738,0,136,668,65,0,108,552,78,85,4769,1
1035,58,9,614,671,0,82,471,61,0,95,520,56,169,6395,1
1036,58,10,430,477,0,39,319,72,0,49,375,53,146,8410,3
1037,58,11,1140,413,550,37,469,84,0,33,304,76,130,11078,1
1038,58,12,1034,1023,324,35,621,54,656,43,278,46,174,10995,1
1039,58,13,1078,532,232,57,744,45,198,38,267,29,857,14313,1
1040,58,14,391,331,57,26,265,23,111,13,179,28,1802,21602,10
1041,58,15,309,54,17,6,55,4,8,4,33,8,223,12505,6
1042,58,16,150,152,15,3,42,13,15,1,30,9,102,8736,1
1043,58,17,155,170,9,1,103,14,9,4,94,13,475,10932,0
1044,58,18,475,235,7,5,374,50,5,2,158,15,703,8798,0
1045,58,19,3149,913,2,5,2426,707,4,1,668,230,447,7585,0
1046,59,1,344,468,0,0,322,22,1,1,441,25,84,2031,0
1047,59,2,685,481,0,0,548,137,0,0,442,39,105,1915,0
1048,59,3,1235,510,0,0,1178,57,0,0,442,68,46,1557,0
1049,59,4,2987,1543,0,3,2964,20,0,0,1492,49,58,1657,0
1050,59,5,1546,3121,0,22,1510,14,0,5,3098,18,86,1602,0
1051,59,6,420,1061,0,24,387,9,0,32,1017,12,24,1566,0
1052,59,7,171,258,0,9,160,2,0,7,246,5,4,835,0
1053,59,8,221,163,0,7,209,5,0,9,149,5,38,1307,0
1054,59,9,178,159,0,5,169,4,0,4,152,3,70,1917,0
1055,59,10,144,112,0,7,123,14,0,1,110,1,37,2017,1
1056,59,11,153,78,3,6,132,12,0,2,73,3,43,2827,0
1057,59,12,38,24,5,0,31,2,3,1,17,3,71,2545,0
1058,59,13,550,228,4,0,527,19,4,0,163,61,450,4904,0
1059,59,14,26,17,2,0,23,1,2,0,13,2,516,4578,0
1060,59,15,108,30,1,0,54,10,1,0,25,4,44,1932,0
1061,59,16,50,29,6,1,23,2,2,1,8,0,29,1526,0
1062,59,17,54,44,3,1,40,2,6,1,22,3,124,1565,0
1063,59,18,153,107,1,0,136,9,3,1,81,4,152,1161,0
1064,59,19,287,158,22,4,256,4,80,0,76,1,119,772,0
1065,60,1,0,0,0,0,0,0,0,0,0,0,NULL,0,0
1066,60,2,19,15,0,0,19,0,0,0,15,0,NULL,0,0
1067,60,3,175,145,9,32,123,11,4,28,105,7,NULL,0,0
1068,60,4,282,119,19,10,215,38,16,4,81,18,NULL,0,0
1069,60,5,2,0,0,0,2,0,0,0,0,0,NULL,0,0
1070,60,6,18,10,0,0,18,0,0,0,10,0,NULL,0,0
1071,60,7,8,3,0,0,8,0,0,0,3,0,NULL,0,0
1072,60,8,2,4,0,0,2,0,0,0,4,0,NULL,0,0
1073,60,9,2,0,0,1,1,0,0,0,0,0,NULL,0,0
1074,60,10,1,1,0,0,1,0,0,0,1,0,NULL,0,0
1075,60,11,70,51,0,18,49,3,0,13,33,5,1,0,0
1076,60,12,93,118,6,20,56,11,13,17,84,4,0,0,0
1077,60,13,16,29,6,1,7,2,8,4,13,4,2,0,0
1078,60,14,13,14,4,1,5,3,3,3,6,2,1,0,0
1079,60,15,24,12,5,0,7,1,3,0,6,3,0,0,0
1080,60,16,50,19,3,6,19,4,5,1,4,4,1,0,0
1081,60,17,32,23,10,0,8,1,8,3,5,3,0,0,0
1082,60,18,34,21,10,3,10,4,6,1,6,2,1,0,0
1083,60,19,65,43,2,3,42,11,3,6,19,8,0,0,0
1084,61,1,679,412,0,2,565,112,0,2,294,116,376,NULL,17
1085,61,2,1069,1030,0,64,840,165,0,8,888,134,241,NULL,5
1086,61,3,893,502,0,13,574,306,0,11,426,65,66,NULL,4
1087,61,4,1043,454,0,87,734,222,0,9,333,112,80,NULL,0
1088,61,5,149,52,0,0,106,43,0,0,30,22,122,NULL,1
1089,61,6,317,268,0,1,267,49,0,1,203,64,66,NULL,4
1090,61,7,230,255,0,11,200,19,0,0,212,43,5,NULL,1
1091,61,8,142,157,0,22,112,8,0,10,141,6,28,NULL,0
1092,61,9,105,87,0,24,69,12,0,16,66,5,105,NULL,1
1093,61,10,366,298,0,18,227,121,0,5,209,84,91,NULL,0
1094,61,11,135,113,0,22,107,6,0,30,74,9,63,NULL,1
1095,61,12,179,131,41,25,109,4,15,20,94,2,112,NULL,0
1096,61,13,70,67,28,21,21,0,22,8,36,1,437,NULL,1
1097,61,14,195,169,4,3,144,44,10,5,110,44,985,NULL,5
1098,61,15,21,12,2,4,12,0,1,3,7,1,84,NULL,4
1099,61,16,51,76,3,1,42,4,2,0,58,16,12,NULL,2
1100,61,17,104,101,22,9,57,13,30,16,53,2,80,NULL,0
1101,61,18,332,312,0,17,270,45,0,8,246,58,165,NULL,0
1102,61,19,54,27,0,1,40,13,0,4,20,3,164,NULL,0
1103,62,1,253,366,0,82,157,14,0,114,234,18,48,NULL,3
1104,62,2,579,393,20,24,358,60,15,43,99,8,39,NULL,0
1105,62,3,422,122,4,2,305,111,8,1,100,13,12,NULL,2
1106,62,4,366,332,0,42,231,93,0,51,242,39,10,NULL,0
1107,62,5,237,159,0,61,149,27,0,40,107,12,36,NULL,0
1108,62,6,282,186,0,85,181,16,0,44,126,16,43,NULL,2
1109,62,7,215,177,0,28,177,10,0,40,126,11,5,NULL,1
1110,62,8,414,442,0,15,291,108,0,12,299,131,4,NULL,0
1111,62,9,477,507,304,26,127,20,388,22,89,8,15,NULL,0
1112,62,10,436,207,126,37,260,13,110,14,80,3,33,NULL,0
1113,62,11,208,274,75,23,102,8,111,32,125,6,45,NULL,1
1114,62,12,66,80,27,5,29,5,41,9,25,5,25,NULL,0
1115,62,13,64,30,15,4,37,8,13,0,11,6,153,NULL,1
1116,62,14,197,47,38,6,124,29,18,8,19,2,218,NULL,1
1117,62,15,250,153,24,11,186,29,20,1,122,10,23,NULL,0
1118,62,16,1358,63,40,5,57,16,30,6,23,4,8,NULL,0
1119,62,17,889,791,52,8,40,11,45,4,24,3,8,NULL,0
1120,62,18,662,573,24,14,125,25,39,3,27,5,51,NULL,0
1121,62,19,967,620,21,8,471,194,25,5,72,22,35,NULL,0
