Outcome,Week End,Age Group,Unvaccinated Rate,Vaccinated Rate,Boosted Rate,Crude Vaccinated Ratio,Crude Boosted Ratio,Age-Adjusted Unvaccinated Rate,Age-Adjusted Vaccinated Rate,Age-Adjusted Boosted Rate,Age-Adjusted Vaccinated Ratio,Age-Adjusted Boosted Ratio,Population Unvaccinated,Population Vaccinated,Population Boosted,Outcome Unvaccinated,Outcome Vaccinated,Outcome Boosted,Age Group Min,Age Group Max
Cases,04/03/2021,0-4,73.8,,,,,,,,,,162642,,,120,,,0,4
Cases,04/03/2021,12-17,137.6,,,,,,,,,,178756,,,246,,,12,17
Cases,04/03/2021,18-29,302.3,43.2,,7.0,,,,,,,390329,46270,,1180,20,,18,29
Cases,04/03/2021,30-49,245.1,26.7,,9.2,,,,,,,500657,108518,,1227,29,,30,49
Cases,04/03/2021,5-11,79.4,,,,,,,,,,210448,,,167,,,5,11
Cases,04/03/2021,50-64,226.6,20.6,,11.0,,,,,,,232142,67939,,526,14,,50,64
Cases,04/03/2021,65-79,125.2,18.2,,6.9,,,,,,,103800,93422,,130,17,,65,79
Cases,04/03/2021,80+,89.2,7.5,,11.9,,,,,,,41475,26692,,37,2,,80,200
Cases,04/03/2021,All,199.4,23.9,,8.3,,197.0,20.1,,9.8,,1821704,343073,,3633,82,,999,999
Cases,04/10/2021,0-4,117.4,,,,,,,,,,162642,,,191,,,0,4
Cases,04/10/2021,12-17,198.9,,,,,,,,,,177470,,,353,,,12,17
Cases,04/10/2021,18-29,326.9,43.6,,7.5,,,,,,,359725,52742,,1176,23,,18,29
Cases,04/10/2021,30-49,340.9,25.3,,13.5,,,,,,,448501,126477,,1529,32,,30,49
Cases,04/10/2021,5-11,149.7,,,,,,,,,,210448,,,315,,,5,11
Cases,04/10/2021,50-64,261.9,25.6,,10.2,,,,,,,204635,82062,,536,21,,50,64
Cases,04/10/2021,65-79,133.8,11.0,,12.2,,,,,,,97130,109054,,130,12,,65,79
Cases,04/10/2021,80+,108.2,29.3,,3.7,,,,,,,39734,30692,,43,9,,80,200
Cases,04/10/2021,All,251.1,24.2,,10.4,,252.5,20.6,,12.3,,1701736,401348,,4273,97,,999,999
Cases,04/17/2021,0-4,103.3,,,,,,,,,,162642,,,168,,,0,4
Cases,04/17/2021,12-17,162.2,,,,,,,,,,175074,,,284,,,12,17
Cases,04/17/2021,18-29,288.1,14.3,,20.1,,,,,,,334994,62727,,965,9,,18,29
Cases,04/17/2021,30-49,313.7,29.6,,10.6,,,,,,,411591,151785,,1291,45,,30,49
Cases,04/17/2021,5-11,141.6,,,,,,,,,,210448,,,298,,,5,11
Cases,04/17/2021,50-64,254.6,20.3,,12.5,,,,,,,183429,103236,,467,21,,50,64
Cases,04/17/2021,65-79,124.8,19.8,,6.3,,,,,,,92158,126326,,115,25,,65,79
Cases,04/17/2021,80+,119.8,37.1,,3.2,,,,,,,38396,35085,,46,13,,80,200
Cases,04/17/2021,All,225.7,23.6,,9.6,,231.5,17.5,,13.3,,1610180,479614,,3634,113,,999,999
Cases,04/24/2021,0-4,80.5,,,,,,,,,,162642,,,131,,,0,4
Cases,04/24/2021,12-17,154.0,,,,,,,,,,170822,,,263,,,12,17
Cases,04/24/2021,18-29,254.4,25.5,,10.0,,,,,,,308999,82377,,786,21,,18,29
Cases,04/24/2021,30-49,290.5,31.0,,9.4,,,,,,,378625,196779,,1100,61,,30,49
Cases,04/24/2021,5-11,110.2,,,,,,,,,,210448,,,232,,,5,11
Cases,04/24/2021,50-64,240.0,21.3,,11.3,,,,,,,165386,136129,,397,29,,50,64
Cases,04/24/2021,65-79,146.5,11.2,,13.1,,,,,,,88044,142594,,129,16,,65,79
Cases,04/24/2021,80+,109.9,15.3,,7.2,,,,,,,37293,39342,,41,6,,80,200
Cases,04/24/2021,All,202.1,22.2,,9.1,,213.0,18.3,,11.6,,1523704,597912,,3079,133,,999,999
Cases,05/01/2021,0-4,58.4,,,,,,,,,,162642,,,95,,,0,4
Cases,05/01/2021,12-17,179.1,,,,,,,,,,167478,,,300,,,12,17
Cases,05/01/2021,18-29,232.5,23.1,,10.1,,,,,,,292925,103876,,681,24,,18,29
Cases,05/01/2021,30-49,279.7,24.7,,11.3,,,,,,,356832,243061,,998,60,,30,49
Cases,05/01/2021,5-11,113.6,,,,,,,,,,210448,,,239,,,5,11
Cases,05/01/2021,50-64,297.4,19.0,,15.7,,,,,,,152318,168363,,453,32,,50,64
Cases,05/01/2021,65-79,150.4,16.2,,9.3,,,,,,,84467,154292,,127,25,,65,79
Cases,05/01/2021,80+,118.6,16.4,,7.2,,,,,,,36258,42577,,43,7,,80,200
Cases,05/01/2021,All,200.4,20.7,,9.7,,216.4,16.2,,13.4,,1464813,713263,,2936,148,,999,999
Cases,05/08/2021,0-4,57.2,,,,,,,,,,162642,,,93,,,0,4
Cases,05/08/2021,12-17,133.7,,,,,,,,,,165306,,,221,,,12,17
Cases,05/08/2021,18-29,212.1,15.7,,13.5,,,,,,,282362,127517,,599,20,,18,29
Cases,05/08/2021,30-49,240.9,14.0,,17.2,,,,,,,342425,292650,,825,41,,30,49
Cases,05/08/2021,5-11,72.2,,,,,,,,,,210448,,,152,,,5,11
Cases,05/08/2021,50-64,251.1,17.2,,14.6,,,,,,,143394,197791,,360,34,,50,64
Cases,05/08/2021,65-79,124.7,13.0,,9.6,,,,,,,81790,162143,,102,21,,65,79
Cases,05/08/2021,80+,112.6,13.4,,8.4,,,,,,,35524,44695,,40,6,,80,200
Cases,05/08/2021,All,167.8,14.8,,11.3,,183.5,11.0,,16.6,,1425336,826661,,2392,122,,999,999
Cases,05/15/2021,0-4,46.7,,,,,,,,,,162642,,,76,,,0,4
Cases,05/15/2021,12-17,122.3,,,,,,,,,,152143,,,186,,,12,17
Cases,05/15/2021,18-29,132.1,10.4,,12.7,,,,,,,273364,153272,,361,16,,18,29
Cases,05/15/2021,30-49,174.1,13.9,,12.5,,,,,,,330338,338632,,575,47,,30,49
Cases,05/15/2021,5-11,76.5,,,,,,,,,,210448,,,161,,,5,11
Cases,05/15/2021,50-64,186.1,10.0,,18.6,,,,,,,135918,220778,,253,22,,50,64
Cases,05/15/2021,65-79,124.5,13.7,,9.1,,,,,,,79494,167925,,99,23,,65,79
Cases,05/15/2021,80+,57.2,15.1,,3.8,,,,,,,34955,46285,,20,7,,80,200
Cases,05/15/2021,All,125.4,12.4,,10.1,,137.4,9.2,,14.9,,1380747,929976,,1731,115,,999,999
Cases,05/22/2021,0-4,44.3,,,,,,,,,,162642,,,72,,,0,4
Cases,05/22/2021,12-17,100.3,,,,,,,,,,135527,,,136,,,12,17
Cases,05/22/2021,18-29,132.1,9.7,,13.6,,,,,,,262767,175782,,347,17,,18,29
Cases,05/22/2021,30-49,149.7,7.8,,19.2,,,,,,,315985,373718,,473,29,,30,49
Cases,05/22/2021,5-11,50.8,,,,,,,,,,210448,,,107,,,5,11
Cases,05/22/2021,50-64,189.4,13.3,,14.2,,,,,,,127796,240126,,242,32,,50,64
Cases,05/22/2021,65-79,83.0,14.5,,5.7,,,,,,,77148,172682,,64,25,,65,79
Cases,05/22/2021,80+,55.3,23.1,,2.4,,,,,,,34383,47580,,19,11,,80,200
Cases,05/22/2021,All,109.9,11.2,,9.8,,121.8,8.1,,15.1,,1328140,1015184,,1460,114,,999,999
Cases,05/29/2021,0-4,25.8,,,,,,,,,,162642,,,42,,,0,4
Cases,05/29/2021,12-17,43.4,11.1,,3.9,,,,,,,126805,9009,,55,1,,12,17
Cases,05/29/2021,18-29,80.7,4.0,,20.2,,,,,,,255189,199901,,206,8,,18,29
Cases,05/29/2021,30-49,83.4,7.4,,11.3,,,,,,,305678,406024,,255,30,,30,49
Cases,05/29/2021,5-11,30.9,,,,,,,,,,210448,,,65,,,5,11
Cases,05/29/2021,50-64,108.0,7.7,,14.0,,,,,,,122238,258372,,132,20,,50,64
Cases,05/29/2021,65-79,74.2,6.8,,10.9,,,,,,,75435,177017,,56,12,,65,79
Cases,05/29/2021,80+,55.9,12.3,,4.5,,,,,,,33992,48773,,19,6,,80,200
Cases,05/29/2021,All,64.1,7.0,,9.2,,72.1,6.1,,11.9,,1293871,1099105,,830,77,,999,999
Cases,06/05/2021,0-4,17.2,,,,,,,,,,162642,,,28,,,0,4
Cases,06/05/2021,12-17,23.1,0.0,,,,,,,,,121400,12117,,28,0,,12,17
Cases,06/05/2021,18-29,44.4,6.0,,7.4,,,,,,,250019,217146,,111,13,,18,29
Cases,06/05/2021,30-49,44.9,6.3,,7.1,,,,,,,298630,429959,,134,27,,30,49
Cases,06/05/2021,5-11,21.4,,,,,,,,,,210448,,,45,,,5,11
Cases,06/05/2021,50-64,64.3,2.6,,24.7,,,,,,,118253,272874,,76,7,,50,64
Cases,06/05/2021,65-79,37.7,6.6,,5.7,,,,,,,74190,180647,,28,12,,65,79
Cases,06/05/2021,80+,17.8,6.0,,3.0,,,,,,,33665,49742,,6,3,,80,200
Cases,06/05/2021,All,35.9,5.3,,6.8,,40.0,4.1,,9.8,,1270690,1162494,,456,62,,999,999
Cases,06/12/2021,0-4,13.5,,,,,,,,,,162642,,,22,,,0,4
Cases,06/12/2021,12-17,20.6,0.0,,,,,,,,,116652,14190,,24,0,,12,17
Cases,06/12/2021,18-29,35.5,5.3,,6.7,,,,,,,245102,228351,,87,12,,18,29
Cases,06/12/2021,30-49,34.3,4.5,,7.6,,,,,,,291603,446226,,100,20,,30,49
Cases,06/12/2021,5-11,13.8,,,,,,,,,,210448,,,29,,,5,11
Cases,06/12/2021,50-64,37.6,5.0,,7.5,,,,,,,114427,282776,,43,14,,50,64
Cases,06/12/2021,65-79,32.9,9.3,,3.5,,,,,,,72994,183414,,24,17,,65,79
Cases,06/12/2021,80+,21.0,5.9,,3.6,,,,,,,33348,50453,,7,3,,80,200
Cases,06/12/2021,All,26.9,5.5,,4.9,,29.7,4.0,,7.4,,1248658,1205419,,336,66,,999,999
Cases,06/19/2021,0-4,6.1,,,,,,,,,,162642,,,10,,,0,4
Cases,06/19/2021,12-17,15.9,0.0,,,,,,,,,112992,25113,,18,0,,12,17
Cases,06/19/2021,18-29,21.2,3.0,,7.1,,,,,,,240747,236678,,51,7,,18,29
Cases,06/19/2021,30-49,30.4,5.0,,6.1,,,,,,,285741,457903,,87,23,,30,49
Cases,06/19/2021,5-11,7.6,,,,,,,,,,210448,,,16,,,5,11
Cases,06/19/2021,50-64,27.0,3.8,,7.1,,,,,,,111089,289828,,30,11,,50,64
Cases,06/19/2021,65-79,15.3,3.2,,4.8,,,,,,,71845,185477,,11,6,,65,79
Cases,06/19/2021,80+,6.1,2.0,,3.0,,,,,,,33056,50937,,2,1,,80,200
Cases,06/19/2021,All,18.3,3.9,,4.7,,20.9,2.9,,7.1,,1230002,1245945,,225,48,,999,999
Cases,06/26/2021,0-4,10.5,,,,,,,,,,162642,,,17,,,0,4
Cases,06/26/2021,12-17,12.8,0.0,,,,,,,,,109231,40684,,14,0,,12,17
Cases,06/26/2021,18-29,18.6,4.5,,4.1,,,,,,,236805,246337,,44,11,,18,29
Cases,06/26/2021,30-49,23.9,5.5,,4.3,,,,,,,280547,471178,,67,26,,30,49
Cases,06/26/2021,5-11,6.2,,,,,,,,,,210448,,,13,,,5,11
Cases,06/26/2021,50-64,16.6,5.0,,3.3,,,,,,,108233,297417,,18,15,,50,64
Cases,06/26/2021,65-79,12.7,1.1,,11.5,,,,,,,70927,187639,,9,2,,65,79
Cases,06/26/2021,80+,9.1,1.9,,4.8,,,,,,,32801,51422,,3,1,,80,200
Cases,06/26/2021,All,15.3,4.2,,3.6,,16.7,3.3,,5.0,,1213076,1294687,,185,55,,999,999
Cases,07/03/2021,0-4,13.5,,,,,,,,,,162642,,,22,,,0,4
Cases,07/03/2021,12-17,16.0,2.0,,8.0,,,,,,,105974,49371,,17,1,,12,17
Cases,07/03/2021,18-29,19.7,7.1,,2.8,,,,,,,233492,253877,,46,18,,18,29
Cases,07/03/2021,30-49,27.5,9.8,,2.8,,,,,,,276051,481309,,76,47,,30,49
Cases,07/03/2021,5-11,8.6,,,,,,,,,,210448,,,18,,,5,11
Cases,07/03/2021,50-64,21.7,2.0,,10.8,,,,,,,105765,303019,,23,6,,50,64
Cases,07/03/2021,65-79,20.0,5.8,,3.4,,,,,,,70102,189372,,14,11,,65,79
Cases,07/03/2021,80+,3.1,0.0,,,,,,,,,32563,51824,,1,0,,80,200
Cases,07/03/2021,All,18.1,6.2,,2.9,,20.0,5.1,,3.9,,1198478,1328782,,217,83,,999,999
Cases,07/10/2021,0-4,16.0,,,,,,,,,,162642,,,26,,,0,4
Cases,07/10/2021,12-17,27.1,3.6,,7.5,,,,,,,103360,54919,,28,2,,12,17
Cases,07/10/2021,18-29,33.8,12.0,,2.8,,,,,,,230719,259241,,78,31,,18,29
Cases,07/10/2021,30-49,33.1,11.9,,2.8,,,,,,,272284,488713,,90,58,,30,49
Cases,07/10/2021,5-11,15.2,,,,,,,,,,210448,,,32,,,5,11
Cases,07/10/2021,50-64,21.2,6.5,,3.3,,,,,,,103690,307307,,22,20,,50,64
Cases,07/10/2021,65-79,14.4,7.3,,2.0,,,,,,,69387,190645,,10,14,,65,79
Cases,07/10/2021,80+,6.2,1.9,,3.3,,,,,,,32412,52151,,2,1,,80,200
Cases,07/10/2021,All,24.3,9.3,,2.6,,25.3,7.6,,3.3,,1186382,1352986,,288,126,,999,999
Cases,07/17/2021,0-4,17.8,,,,,,,,,,162642,,,29,,,0,4
Cases,07/17/2021,12-17,41.9,6.8,,6.2,,,,,,,100142,59153,,42,4,,12,17
Cases,07/17/2021,18-29,62.4,32.6,,1.9,,,,,,,227511,263507,,142,86,,18,29
Cases,07/17/2021,30-49,72.7,21.4,,3.4,,,,,,,268333,494648,,195,106,,30,49
Cases,07/17/2021,5-11,24.7,,,,,,,,,,210448,,,52,,,5,11
Cases,07/17/2021,50-64,58.1,13.2,,4.4,,,,,,,101635,310568,,59,41,,50,64
Cases,07/17/2021,65-79,36.4,7.8,,4.7,,,,,,,68677,191717,,25,15,,65,79
Cases,07/17/2021,80+,24.8,0.0,,,,,,,,,32233,52428,,8,0,,80,200
Cases,07/17/2021,All,47.1,18.4,,2.6,,52.5,15.1,,3.5,,1173061,1372031,,552,252,,999,999
Cases,07/24/2021,0-4,36.9,,,,,,,,,,162642,,,60,,,0,4
Cases,07/24/2021,12-17,72.5,14.4,,5.0,,,,,,,96525,62459,,70,9,,12,17
Cases,07/24/2021,18-29,112.5,41.5,,2.7,,,,,,,224035,267218,,252,111,,18,29
Cases,07/24/2021,30-49,103.6,38.2,,2.7,,,,,,,263448,499818,,273,191,,30,49
Cases,07/24/2021,5-11,46.1,,,,,,,,,,210448,,,97,,,5,11
Cases,07/24/2021,50-64,101.0,21.1,,4.8,,,,,,,99023,313534,,100,66,,50,64
Cases,07/24/2021,65-79,39.8,17.6,,2.3,,,,,,,67863,192682,,27,34,,65,79
Cases,07/24/2021,80+,31.3,15.2,,2.1,,,,,,,31967,52632,,10,8,,80,200
Cases,07/24/2021,All,76.8,30.2,,2.5,,83.1,24.9,,3.3,,1157391,1388353,,889,419,,999,999
Cases,07/31/2021,0-4,40.6,,,,,,,,,,162642,,,66,,,0,4
Cases,07/31/2021,12-17,119.7,12.1,,9.9,,,,,,,91908,65882,,110,8,,12,17
Cases,07/31/2021,18-29,169.2,78.7,,2.1,,,,,,,219855,270748,,372,213,,18,29
Cases,07/31/2021,30-49,175.3,62.1,,2.8,,,,,,,257900,504399,,452,313,,30,49
Cases,07/31/2021,5-11,50.8,,,,,,,,,,210448,,,107,,,5,11
Cases,07/31/2021,50-64,134.8,39.9,,3.4,,,,,,,96404,316039,,130,126,,50,64
Cases,07/31/2021,65-79,62.7,25.3,,2.5,,,,,,,67006,193535,,42,49,,65,79
Cases,07/31/2021,80+,22.0,32.2,,0.7,,,,,,,31758,52855,,7,17,,80,200
Cases,07/31/2021,All,112.9,51.8,,2.2,,125.8,42.0,,3.0,,1139361,1403468,,1286,727,,999,999
Cases,08/07/2021,0-4,55.3,,,,,,,,,,162642,,,90,,,0,4
Cases,08/07/2021,12-17,147.6,20.3,,7.3,,,,,,,87395,68987,,129,14,,12,17
Cases,08/07/2021,18-29,241.3,101.9,,2.4,,,,,,,215128,273891,,519,279,,18,29
Cases,08/07/2021,30-49,239.9,90.1,,2.7,,,,,,,251393,508447,,603,458,,30,49
Cases,08/07/2021,5-11,80.3,,,,,,,,,,210448,,,169,,,5,11
Cases,08/07/2021,50-64,174.5,55.3,,3.2,,,,,,,93397,318448,,163,176,,50,64
Cases,08/07/2021,65-79,107.5,41.7,,2.6,,,,,,,66044,194369,,71,81,,65,79
Cases,08/07/2021,80+,47.6,32.0,,1.5,,,,,,,31493,53090,,15,17,,80,200
Cases,08/07/2021,All,157.1,72.3,,2.2,,174.5,58.9,,3.0,,1119380,1417242,,1759,1025,,999,999
Cases,08/14/2021,0-4,65.2,,,,,,,,,,162642,,,106,,,0,4
Cases,08/14/2021,12-17,173.8,40.6,,4.3,,,,,,,83420,71443,,145,29,,12,17
Cases,08/14/2021,18-29,269.3,131.5,,2.0,,,,,,,210927,276706,,568,364,,18,29
Cases,08/14/2021,30-49,291.7,118.5,,2.5,,,,,,,245796,512096,,717,607,,30,49
Cases,08/14/2021,5-11,111.2,,,,,,,,,,210448,,,234,,,5,11
Cases,08/14/2021,50-64,244.4,54.9,,4.5,,,,,,,90843,320472,,222,176,,50,64
Cases,08/14/2021,65-79,127.3,56.4,,2.3,,,,,,,65221,195073,,83,110,,65,79
Cases,08/14/2021,80+,73.6,48.8,,1.5,,,,,,,31250,53259,,23,26,,80,200
Cases,08/14/2021,All,190.4,91.8,,2.1,,214.1,75.9,,2.8,,1101987,1429059,,2098,1312,,999,999
Cases,08/21/2021,0-4,59.0,,,,,,,,,,162642,,,96,,,0,4
Cases,08/21/2021,12-17,189.2,22.9,,8.3,,,,,,,79269,74310,,150,17,,12,17
Cases,08/21/2021,18-29,263.9,109.4,,2.4,,,,,,,206905,279600,,546,306,,18,29
Cases,08/21/2021,30-49,301.7,115.8,,2.6,,,,,,,240337,515735,,725,597,,30,49
Cases,08/21/2021,5-11,101.7,,,,,,,,,,210448,,,214,,,5,11
Cases,08/21/2021,50-64,254.8,72.6,,3.5,,,,,,,88316,322442,,225,234,,50,64
Cases,08/21/2021,65-79,149.4,53.1,,2.8,,,,,,,64269,195729,,96,104,,65,79
Cases,08/21/2021,80+,61.3,48.7,,1.3,,,,,,,30980,53437,,19,26,,80,200
Cases,08/21/2021,All,190.9,89.1,,2.1,,219.5,72.3,,3.0,,1084606,1441263,,2071,1284,,999,999
Cases,08/28/2021,0-4,88.5,,,,,,,,,,162642,,,144,,,0,4
Cases,08/28/2021,12-17,249.7,32.3,,7.7,,,,,,,75289,77477,,188,25,,12,17
Cases,08/28/2021,18-29,296.3,87.4,,3.4,,,,,,,202837,282617,,601,247,,18,29
Cases,08/28/2021,30-49,293.6,97.7,,3.0,,,,,,,234637,519731,,689,508,,30,49
Cases,08/28/2021,5-11,134.0,,,,,,,,,,210448,,,282,,,5,11
Cases,08/28/2021,50-64,285.4,65.3,,4.4,,,,,,,85832,324654,,245,212,,50,64
Cases,08/28/2021,65-79,164.0,65.2,,2.5,,,,,,,63414,196443,,104,128,,65,79
Cases,08/28/2021,80+,107.2,83.9,,1.3,,,,,,,30772,53648,,33,45,,80,200
Cases,08/28/2021,All,214.3,80.1,,2.7,,240.2,65.3,,3.7,,1067311,1454580,,2287,1165,,999,999
Cases,09/04/2021,0-4,89.8,,,,,,,,,,162642,,,146,,,0,4
Cases,09/04/2021,12-17,233.3,28.2,,8.3,,,,,,,72875,81500,,170,23,,12,17
Cases,09/04/2021,18-29,252.1,91.6,,2.8,,,,,,,198335,285925,,500,262,,18,29
Cases,09/04/2021,30-49,280.2,91.7,,3.1,,,,,,,228731,524414,,641,481,,30,49
Cases,09/04/2021,5-11,154.9,,,,,,,,,,210448,,,326,,,5,11
Cases,09/04/2021,50-64,264.0,65.1,,4.1,,,,,,,83339,327098,,220,213,,50,64
Cases,09/04/2021,65-79,119.7,41.6,,2.9,,,,,,,62660,197218,,75,82,,65,79
Cases,09/04/2021,80+,71.9,52.0,,1.4,,,,,,,30590,53825,,22,28,,80,200
Cases,09/04/2021,All,199.8,74.2,,2.7,,221.3,60.5,,3.7,,1051060,1469990,,2100,1090,,999,999
Cases,09/11/2021,0-4,81.2,,,,,,,,,,162642,,,132,,,0,4
Cases,09/11/2021,12-17,232.2,32.7,,7.1,,,,,,,71062,85572,,165,28,,12,17
Cases,09/11/2021,18-29,251.9,93.6,,2.7,,,,,,,194912,289530,,491,271,,18,29
Cases,09/11/2021,30-49,248.0,76.6,,3.2,,,,,,,223827,529920,,555,406,,30,49
Cases,09/11/2021,5-11,164.9,,,,,,,,,,210448,,,347,,,5,11
Cases,09/11/2021,50-64,234.8,64.6,,3.6,,,,,,,81341,329689,,191,213,,50,64
Cases,09/11/2021,65-79,133.7,48.5,,2.8,,,,,,,62064,198063,,83,96,,65,79
Cases,09/11/2021,80+,88.7,53.6,,1.7,,,,,,,30447,54074,,27,29,,80,200
Cases,09/11/2021,All,191.8,70.1,,2.7,,209.3,57.2,,3.7,,1038183,1486858,,1991,1043,,999,999
Cases,09/18/2021,0-4,75.0,,,,,,,,,,162642,,,122,,,0,4
Cases,09/18/2021,12-17,282.4,33.8,,8.4,,,,,,,69042,88833,,195,30,,12,17
Cases,09/18/2021,18-29,223.8,73.0,,3.1,,,,,,,191240,293096,,428,214,,18,29
Cases,09/18/2021,30-49,263.4,77.4,,3.4,,,,,,,218717,534902,,576,414,,30,49
Cases,09/18/2021,5-11,154.9,,,,,,,,,,210448,,,326,,,5,11
Cases,09/18/2021,50-64,280.1,52.7,,5.3,,,,,,,79253,332008,,222,175,,50,64
Cases,09/18/2021,65-79,127.1,38.2,,3.3,,,,,,,61377,198824,,78,76,,65,79
Cases,09/18/2021,80+,72.6,31.3,,2.3,,,,,,,30284,54287,,22,17,,80,200
Cases,09/18/2021,All,192.2,61.7,,3.1,,218.0,50.8,,4.3,,1024443,1501960,,1969,926,,999,999
Cases,09/25/2021,0-4,57.2,,,,,,,,,,162642,,,93,,,0,4
Cases,09/25/2021,12-17,243.6,28.2,,8.6,,,,,,,67320,92097,,164,26,,12,17
Cases,09/25/2021,18-29,188.7,64.8,,2.9,,,,,,,188178,296072,,355,192,,18,29
Cases,09/25/2021,30-49,206.7,67.5,,3.1,,,,,,,214323,539323,,443,364,,30,49
Cases,09/25/2021,5-11,121.6,,,,,,,,,,210448,,,256,,,5,11
Cases,09/25/2021,50-64,196.4,49.4,,4.0,,,,,,,77410,334054,,152,165,,50,64
Cases,09/25/2021,65-79,123.6,42.6,,2.9,,,,,,,60691,199483,,75,85,,65,79
Cases,09/25/2021,80+,73.1,45.9,,1.6,,,,,,,30100,54466,,22,25,,80,200
Cases,09/25/2021,All,154.1,56.5,,2.7,,174.2,46.3,,3.8,,1012552,1515505,,1560,857,,999,999
Cases,10/02/2021,0-4,60.9,,,,,,,,,,162642,,,99,,,0,4
Cases,10/02/2021,12-17,275.1,18.9,,14.6,,,,,,,65789,95470,,181,18,,12,17
Cases,10/02/2021,18-29,181.4,64.1,,2.8,,,,,,,185245,299425,,336,192,,18,29
Cases,10/02/2021,30-49,210.2,66.7,,3.2,,,,,,,209778,544307,,441,363,,30,49
Cases,10/02/2021,5-11,132.1,,,,,,,,,,210448,,,278,,,5,11
Cases,10/02/2021,50-64,241.2,47.0,,5.1,,,,,,,75462,336266,,182,158,,50,64
Cases,10/02/2021,65-79,144.4,44.0,,3.3,,,,,,,59550,200182,,86,88,,65,79
Cases,10/02/2021,80+,70.5,40.3,,1.7,,,,,,,29799,54624,,21,22,,80,200
Cases,10/02/2021,All,162.4,55.0,,3.0,,186.7,44.8,,4.2,,1000153,1530284,,1624,841,,999,999
Cases,10/09/2021,0-4,59.0,,,,,,,,,,162642,,,96,,,0,4
Cases,10/09/2021,12-17,235.7,18.4,,12.8,,,,,,,64487,97712,,152,18,,12,17
Cases,10/09/2021,18-29,174.2,56.5,,3.1,,,,,,,182537,302860,,318,171,,18,29
Cases,10/09/2021,30-49,198.0,59.7,,3.3,,,,,,,205508,549247,,407,328,,30,49
Cases,10/09/2021,5-11,119.7,,,,,,,,,,210448,,,252,,,5,11
Cases,10/09/2021,50-64,203.4,52.9,,3.8,,,,,,,73730,338482,,150,179,,50,64
Cases,10/09/2021,65-79,97.2,41.8,,2.3,,,,,,,58635,200787,,57,84,,65,79
Cases,10/09/2021,80+,33.8,36.5,,0.9,,,,,,,29579,54787,,10,20,,80,200
Cases,10/09/2021,All,145.8,51.8,,2.8,,165.7,41.9,,4.0,,989006,1543885,,1442,800,,999,999
Cases,10/16/2021,0-4,49.2,,,,,,,,,,162642,,,80,,,0,4
Cases,10/16/2021,12-17,203.8,31.2,,6.5,,,,,,,63293,99411,,129,31,,12,17
Cases,10/16/2021,18-29,137.4,56.6,,2.4,,,,,,,179828,305909,,247,173,,18,29
Cases,10/16/2021,30-49,166.6,56.3,,3.0,,,,,,,201126,553922,,335,312,,30,49
Cases,10/16/2021,5-11,109.8,,,,,,,,,,210448,,,231,,,5,11
Cases,10/16/2021,50-64,188.0,44.6,,4.2,,,,,,,71819,340453,,135,152,,50,64
Cases,10/16/2021,65-79,117.6,37.7,,3.1,,,,,,,57841,201474,,68,76,,65,79
Cases,10/16/2021,80+,34.0,36.4,,0.9,,,,,,,29394,54912,,10,20,,80,200
Cases,10/16/2021,All,126.3,49.1,,2.6,,145.4,40.4,,3.6,,977831,1556091,,1235,764,,999,999
Cases,10/23/2021,0-4,54.7,,,,,,,,,,162642,,,89,,,0,4
Cases,10/23/2021,12-17,190.9,14.8,,12.9,,,,,,,62327,101011,,119,15,,12,17
Cases,10/23/2021,18-29,131.3,53.1,19.6,2.5,6.7,,,,,,177426,308844,5112,233,164,1,18,29
Cases,10/23/2021,30-49,169.0,58.8,17.6,2.9,9.6,,,,,,197644,558258,17064,334,328,3,30,49
Cases,10/23/2021,5-11,112.1,,,,,,,,,,210448,,,236,,,5,11
Cases,10/23/2021,50-64,202.6,45.3,31.0,4.5,6.5,,,,,,70085,342294,12920,142,155,4,50,64
Cases,10/23/2021,65-79,93.1,38.1,7.9,2.4,11.8,,,,,,56917,202089,25238,53,77,2,65,79
Cases,10/23/2021,80+,72.1,27.3,15.2,2.6,4.7,,,,,,29134,55042,6599,21,15,1,80,200
Cases,10/23/2021,All,126.7,48.2,16.4,2.6,7.7,145.9,39.0,14.4,3.7,10.1,968062,1567548,67104,1227,755,11,999,999
Cases,10/30/2021,0-4,62.7,,,,,,,,,,162642,,,102,,,0,4
Cases,10/30/2021,12-17,224.3,24.4,,9.2,,,,,,,61522,102498,,138,25,,12,17
Cases,10/30/2021,18-29,150.4,55.5,27.3,2.7,5.5,,,,,,174919,311434,7317,263,173,2,18,29
Cases,10/30/2021,30-49,205.1,65.1,50.0,3.2,4.1,,,,,,193574,562547,24010,397,366,12,30,49
Cases,10/30/2021,5-11,133.0,,,,,,,,,,210448,,,280,,,5,11
Cases,10/30/2021,50-64,218.7,52.0,22.1,4.2,9.9,,,,,,68115,344109,18088,149,179,4,50,64
Cases,10/30/2021,65-79,91.9,38.5,12.3,2.4,7.5,,,,,,55506,202637,32602,51,78,4,65,79
Cases,10/30/2021,80+,52.1,39.9,11.7,1.3,4.5,,,,,,28795,55189,8558,15,22,1,80,200
Cases,10/30/2021,All,145.8,53.4,25.3,2.7,5.8,167.2,43.6,24.5,3.8,6.8,956960,1578424,90762,1395,843,23,999,999
Cases,11/06/2021,0-4,74.4,,,,,,,,,,162642,,,121,,,0,4
Cases,11/06/2021,12-17,343.1,50.1,,6.8,,,,,,,60623,103779,,208,52,,12,17
Cases,11/06/2021,18-29,179.3,68.8,42.4,2.6,4.2,,,,,,172329,313772,9424,309,216,4,18,29
Cases,11/06/2021,30-49,250.2,90.6,25.3,2.8,9.9,,,,,,189473,566250,31638,474,513,8,30,49
Cases,11/06/2021,5-11,179.1,,,,,,,,,,204891,,,367,,,5,11
Cases,11/06/2021,50-64,270.7,54.4,28.5,5.0,9.5,,,,,,66124,345783,24559,179,188,7,50,64
Cases,11/06/2021,65-79,136.3,45.3,16.9,3.0,8.1,,,,,,54281,203209,41360,74,92,7,65,79
Cases,11/06/2021,80+,95.0,41.6,18.3,2.3,5.2,,,,,,28425,55327,10940,27,23,2,80,200
Cases,11/06/2021,All,187.1,68.3,23.7,2.7,7.9,214.7,56.8,21.0,3.8,10.2,940226,1588130,118124,1759,1084,28,999,999
Cases,11/13/2021,0-4,96.5,,,,,,,,,,162642,,,157,,,0,4
Cases,11/13/2021,12-17,402.3,40.0,,10.1,,,,,,,58668,104870,,236,42,,12,17
Cases,11/13/2021,18-29,236.8,99.4,30.4,2.4,7.8,,,,,,169799,315857,13161,402,314,4,18,29
Cases,11/13/2021,30-49,315.0,104.0,34.7,3.0,9.1,,,,,,185405,569939,46057,584,593,16,30,49
Cases,11/13/2021,5-11,231.4,,,,,,,,,,179775,,,416,,,5,11
Cases,11/13/2021,50-64,308.7,76.9,25.1,4.0,12.3,,,,,,64134,347412,35845,198,267,9,50,64
Cases,11/13/2021,65-79,163.7,50.5,14.4,3.2,11.4,,,,,,53158,203955,55682,87,103,8,65,79
Cases,11/13/2021,80+,106.7,91.9,13.9,1.2,7.7,,,,,,28115,55500,14379,30,51,2,80,200
Cases,11/13/2021,All,233.6,85.8,23.6,2.7,9.9,264.3,70.5,21.0,3.8,12.6,903134,1597543,165349,2110,1371,39,999,999
Cases,11/20/2021,0-4,106.4,,,,,,,,,,162642,,,173,,,0,4
Cases,11/20/2021,12-17,461.7,49.1,,9.4,,,,,,,57399,105837,,265,52,,12,17
Cases,11/20/2021,18-29,272.7,100.1,62.2,2.7,4.4,,,,,,166869,317822,17682,455,318,11,18,29
Cases,11/20/2021,30-49,406.7,126.6,38.2,3.2,10.6,,,,,,180967,573409,62789,736,726,24,30,49
Cases,11/20/2021,5-11,260.5,,,,,,,,,,165850,0,,432,0,,5,11
Cases,11/20/2021,50-64,409.0,87.1,20.8,4.7,19.7,,,,,,61858,348967,48163,253,304,10,50,64
Cases,11/20/2021,65-79,185.0,55.2,10.2,3.4,18.1,,,,,,51895,204745,68482,96,113,7,65,79
Cases,11/20/2021,80+,111.7,118.5,16.7,0.9,6.7,,,,,,27745,55699,18001,31,66,3,80,200
Cases,11/20/2021,All,278.4,98.3,25.5,2.8,10.9,324.1,81.1,26.3,4.0,12.3,876663,1606489,215372,2441,1579,55,999,999
Cases,11/27/2021,0-4,102.1,,,,,,,,,,162642,,,166,,,0,4
Cases,11/27/2021,12-17,298.5,39.3,,7.6,,,,,,,56622,106763,,169,42,,12,17
Cases,11/27/2021,18-29,274.9,105.4,22.2,2.6,12.4,,,,,,164447,319674,22478,452,337,5,18,29
Cases,11/27/2021,30-49,361.9,101.3,53.2,3.6,6.8,,,,,,177404,576322,80840,642,584,43,30,49
Cases,11/27/2021,5-11,194.3,0.0,,,,,,,,,160063,4,,311,0,,5,11
Cases,11/27/2021,50-64,445.0,70.2,31.1,6.3,14.3,,,,,,59995,350353,61157,267,246,19,50,64
Cases,11/27/2021,65-79,235.1,49.6,18.8,4.7,12.5,,,,,,51043,205495,79830,120,102,15,65,79
Cases,11/27/2021,80+,156.2,57.2,23.1,2.7,6.8,,,,,,27530,55924,21641,43,32,5,80,200
Cases,11/27/2021,All,252.1,83.2,32.7,3.0,7.7,301.2,68.3,27.0,4.4,11.2,861184,1614545,266248,2171,1343,87,999,999
Cases,12/04/2021,0-4,181.4,,,,,,,,,,162642,,,295,,,0,4
Cases,12/04/2021,12-17,717.1,98.6,,7.3,,,,,,,55777,107453,,400,106,,12,17
Cases,12/04/2021,18-29,520.1,187.0,113.9,2.8,4.6,,,,,,161138,321348,28084,838,601,32,18,29
Cases,12/04/2021,30-49,647.7,182.4,56.5,3.6,11.5,,,,,,172312,578991,100885,1116,1056,57,30,49
Cases,12/04/2021,5-11,402.6,0.0,,,,,,,,,155490,8,,626,0,,5,11
Cases,12/04/2021,50-64,759.2,137.9,35.3,5.5,21.5,,,,,,57559,351668,76507,437,485,27,50,64
Cases,12/04/2021,65-79,340.2,100.4,30.5,3.4,11.2,,,,,,49975,206235,91736,170,207,28,65,79
Cases,12/04/2021,80+,209.4,96.1,31.6,2.2,6.6,,,,,,27223,56186,25326,57,54,8,80,200
Cases,12/04/2021,All,467.0,154.7,47.1,3.0,9.9,549.3,127.4,44.7,4.3,12.3,843554,1621899,322883,3939,2509,152,999,999
Cases,12/11/2021,0-4,201.1,,,,,,,,,,162642,,,327,,,0,4
Cases,12/11/2021,12-17,786.1,135.2,0.0,5.8,,,,,,,54699,108021,400,430,146,0,12,17
Cases,12/11/2021,18-29,603.7,191.2,105.9,3.2,5.7,,,,,,157034,322653,33993,948,617,36,18,29
Cases,12/11/2021,30-49,743.5,198.4,91.6,3.7,8.1,,,,,,166918,581046,118950,1241,1153,109,30,49
Cases,12/11/2021,5-11,446.2,0.0,,,,,,,,,150369,2850,,671,0,,5,11
Cases,12/11/2021,50-64,879.1,131.6,38.1,6.7,23.1,,,,,,55055,352631,89313,484,464,34,50,64
Cases,12/11/2021,65-79,371.6,77.9,28.3,4.8,13.1,,,,,,48978,206706,98789,182,161,28,65,79
Cases,12/11/2021,80+,163.1,83.5,54.9,2.0,3.0,,,,,,26984,56291,27326,44,47,15,80,200
Cases,12/11/2021,All,528.4,158.8,60.2,3.3,8.8,623.2,132.7,55.1,4.7,11.3,824117,1630208,368771,4355,2588,222,999,999
Cases,12/18/2021,0-4,348.0,,,,,,,,,,162642,,,566,,,0,4
Cases,12/18/2021,12-17,1829.6,500.1,847.5,3.7,2.2,,,,,,53455,109589,472,978,548,4,12,17
Cases,12/18/2021,18-29,1574.8,842.6,1097.7,1.9,1.4,,,,,,152524,324366,42088,2402,2733,462,18,29
Cases,12/18/2021,30-49,1558.4,595.2,559.0,2.6,2.8,,,,,,161387,583685,143828,2515,3474,804,30,49
Cases,12/18/2021,5-11,723.7,188.4,,3.8,,,,,,,145780,24420,,1055,46,,5,11
Cases,12/18/2021,50-64,1387.1,295.6,243.8,4.7,5.7,,,,,,52556,353887,107039,729,1046,261,50,64
Cases,12/18/2021,65-79,477.4,134.5,110.6,3.5,4.3,,,,,,47970,207393,108517,229,279,120,65,79
Cases,12/18/2021,80+,265.5,109.8,99.0,2.4,2.7,,,,,,26738,56470,30298,71,62,30,80,200
Cases,12/18/2021,All,1062.5,493.4,388.9,2.2,2.7,1245.6,439.8,469.7,2.8,2.7,804490,1659820,432242,8548,8189,1681,999,999
Cases,12/25/2021,0-4,768.6,,,,,,,,,,162642,,,1250,,,0,4
Cases,12/25/2021,12-17,1768.6,944.3,425.5,1.9,4.2,,,,,,52245,110874,705,924,1047,3,12,17
Cases,12/25/2021,18-29,2543.1,1425.3,1591.3,1.8,1.6,,,,,,148598,326112,52975,3779,4648,843,18,29
Cases,12/25/2021,30-49,2572.9,1128.9,1134.1,2.3,2.3,,,,,,156943,586329,170883,4038,6619,1938,30,49
Cases,12/25/2021,5-11,850.0,474.0,,1.8,,,,,,,141645,37764,,1204,179,,5,11
Cases,12/25/2021,50-64,2505.8,646.7,630.4,3.9,4.0,,,,,,50363,355182,125167,1262,2297,789,50,64
Cases,12/25/2021,65-79,969.0,299.5,331.5,3.2,2.9,,,,,,47164,208043,117043,457,623,388,65,79
Cases,12/25/2021,80+,546.6,317.9,247.9,1.7,2.2,,,,,,26529,56622,32674,145,180,81,80,200
Cases,12/25/2021,All,1658.8,927.6,809.3,1.8,2.0,1970.6,838.7,771.9,2.3,2.6,787567,1680936,499447,13064,15593,4042,999,999
Cases,01/01/2022,0-4,1456.6,,,,,,,,,,162642,,,2369,,,0,4
Cases,01/01/2022,12-17,2748.6,1734.8,501.4,1.6,5.5,,,,,,50608,111769,1795,1391,1939,9,12,17
Cases,01/01/2022,18-29,2941.4,1485.7,1478.9,2.0,2.0,,,,,,144283,327732,65249,4244,4869,965,18,29
Cases,01/01/2022,30-49,3434.2,1283.2,1273.8,2.7,2.7,,,,,,151737,588898,197132,5211,7557,2511,30,49
Cases,01/01/2022,5-11,2036.8,1456.3,,1.4,,,,,,,136835,44085,,2787,642,,5,11
Cases,01/01/2022,50-64,4352.7,961.5,1001.2,4.5,4.3,,,,,,47993,356411,142422,2089,3427,1426,50,64
Cases,01/01/2022,65-79,1905.0,554.3,668.3,3.4,2.9,,,,,,46403,208541,124938,884,1156,835,65,79
Cases,01/01/2022,80+,1115.5,583.1,635.5,1.9,1.8,,,,,,26356,56768,34777,294,331,221,80,200
Cases,01/01/2022,All,2511.0,1175.8,1053.7,2.1,2.4,2934.4,1144.1,903.0,2.6,3.2,768295,1694214,566313,19292,19921,5967,999,999
Cases,01/08/2022,0-4,1357.6,,,,,,,,,,162642,,,2208,,,0,4
Cases,01/08/2022,12-17,2765.0,1450.1,955.5,1.9,2.9,,,,,,48065,112403,3349,1329,1630,32,12,17
Cases,01/08/2022,18-29,2512.5,1182.3,1566.0,2.1,1.6,,,,,,137033,329015,75351,3443,3890,1180,18,29
Cases,01/08/2022,30-49,3035.0,1016.2,1322.4,3.0,2.3,,,,,,143985,590736,217037,4370,6003,2870,30,49
Cases,01/08/2022,5-11,2164.9,1778.8,,1.2,,,,,,,130167,47166,,2818,839,,5,11
Cases,01/08/2022,50-64,4757.6,842.7,1085.8,5.6,4.4,,,,,,45338,357286,155456,2157,3011,1688,50,64
Cases,01/08/2022,65-79,1930.8,490.1,708.5,3.9,2.7,,,,,,45577,208938,130560,880,1024,925,65,79
Cases,01/08/2022,80+,1297.2,560.8,636.9,2.3,2.0,,,,,,26210,56880,36267,340,319,231,80,200
Cases,01/08/2022,All,2373.9,981.9,1120.7,2.4,2.1,2820.5,998.0,987.3,2.8,2.9,740455,1702434,618020,17578,16716,6926,999,999
Cases,01/15/2022,0-4,857.7,,,,,,,,,,162642,,,1395,,,0,4
Cases,01/15/2022,12-17,1484.0,806.2,774.2,1.8,1.9,,,,,,45013,113129,4908,668,912,38,12,17
Cases,01/15/2022,18-29,1176.8,523.8,789.3,2.2,1.5,,,,,,129421,330464,83748,1523,1731,661,18,29
Cases,01/15/2022,30-49,1510.8,456.1,742.7,3.3,2.0,,,,,,136018,592690,232265,2055,2703,1725,30,49
Cases,01/15/2022,5-11,1161.0,1195.7,,1.0,,,,,,,122909,50682,,1427,606,,5,11
Cases,01/15/2022,50-64,2549.0,397.3,601.3,6.4,4.2,,,,,,42645,358176,165804,1087,1423,997,50,64
Cases,01/15/2022,65-79,1261.9,284.3,507.5,4.4,2.5,,,,,,44775,209253,134571,565,595,683,65,79
Cases,01/15/2022,80+,1002.8,328.3,415.2,3.1,2.4,,,,,,26027,56957,37328,261,187,155,80,200
Cases,01/15/2022,All,1264.5,476.8,646.7,2.7,2.0,1489.6,512.3,571.3,2.9,2.6,710887,1711361,658624,8989,8159,4259,999,999
Cases,01/22/2022,0-4,475.9,,,,,,,,,,162642,,,774,,,0,4
Cases,01/22/2022,12-17,794.2,471.4,297.2,1.7,2.7,,,,,,42430,114336,8412,337,539,25,12,17
Cases,01/22/2022,18-29,602.3,232.2,394.4,2.6,1.5,,,,,,122858,332529,93053,740,772,367,18,29
Cases,01/22/2022,30-49,757.3,208.6,411.9,3.6,1.8,,,,,,129412,595363,248624,980,1242,1024,30,49
Cases,01/22/2022,5-11,588.8,758.9,,0.8,,,,,,,117520,55477,,692,421,,5,11
Cases,01/22/2022,50-64,1285.9,180.9,291.9,7.1,4.4,,,,,,40205,359246,176068,517,650,514,50,64
Cases,01/22/2022,65-79,659.9,126.4,215.8,5.2,3.1,,,,,,44099,209666,138544,291,265,299,65,79
Cases,01/22/2022,80+,482.9,168.3,313.9,2.9,1.5,,,,,,25886,57038,38227,125,96,120,80,200
Cases,01/22/2022,All,649.5,231.2,334.2,2.8,1.9,760.0,263.9,289.0,2.9,2.6,686489,1723665,702928,4459,3985,2349,999,999
Cases,01/29/2022,0-4,268.7,,,,,,,,,,162642,,,437,,,0,4
Cases,01/29/2022,12-17,478.7,213.7,113.3,2.2,4.2,,,,,,40110,115607,13237,192,247,15,12,17
Cases,01/29/2022,18-29,351.7,111.8,235.2,3.1,1.5,,,,,,117724,334549,102046,414,374,240,18,29
Cases,01/29/2022,30-49,424.3,102.0,226.2,4.2,1.9,,,,,,124200,597912,263541,527,610,596,30,49
Cases,01/29/2022,5-11,367.0,470.9,,0.8,,,,,,,112802,59669,,414,281,,5,11
Cases,01/29/2022,50-64,661.2,73.5,157.2,9.0,4.2,,,,,,38263,360308,185703,253,265,292,50,64
Cases,01/29/2022,65-79,328.6,69.0,123.1,4.8,2.7,,,,,,43522,210049,142142,143,145,175,65,79
Cases,01/29/2022,80+,229.1,80.5,117.7,2.8,1.9,,,,,,25748,57139,39097,59,46,46,80,200
Cases,01/29/2022,All,366.4,113.4,182.9,3.2,2.0,420.8,135.9,155.5,3.1,2.7,666448,1735243,745766,2442,1968,1364,999,999
Deaths,04/03/2021,0-4,0.0,,,,,,,,,,162642,,,0,,,0,4
Deaths,04/03/2021,12-17,0.0,,,,,,,,,,178756,,,0,,,12,17
Deaths,04/03/2021,18-29,0.0,0.0,,,,,,,,,390329,46270,,0,0,,18,29
Deaths,04/03/2021,30-49,0.8,0.0,,,,,,,,,500657,108518,,4,0,,30,49
Deaths,04/03/2021,5-11,0.0,,,,,,,,,,210448,,,0,,,5,11
Deaths,04/03/2021,50-64,3.9,0.0,,,,,,,,,232142,67939,,9,0,,50,64
Deaths,04/03/2021,65-79,5.8,1.1,,5.3,,,,,,,103800,93422,,6,1,,65,79
Deaths,04/03/2021,80+,19.3,0.0,,,,,,,,,41475,26692,,8,0,,80,200
Deaths,04/03/2021,All,1.5,0.3,,5.0,,2.0,0.1,,19.7,,1821704,343073,,27,1,,999,999
Deaths,04/10/2021,0-4,0.0,,,,,,,,,,162642,,,0,,,0,4
Deaths,04/10/2021,12-17,0.0,,,,,,,,,,177470,,,0,,,12,17
Deaths,04/10/2021,18-29,0.0,0.0,,,,,,,,,359725,52742,,0,0,,18,29
Deaths,04/10/2021,30-49,0.9,0.8,,1.1,,,,,,,448501,126477,,4,1,,30,49
Deaths,04/10/2021,5-11,0.0,,,,,,,,,,210448,,,0,,,5,11
Deaths,04/10/2021,50-64,5.4,0.0,,,,,,,,,204635,82062,,11,0,,50,64
Deaths,04/10/2021,65-79,7.2,0.9,,8.0,,,,,,,97130,109054,,7,1,,65,79
Deaths,04/10/2021,80+,25.2,0.0,,,,,,,,,39734,30692,,10,0,,80,200
Deaths,04/10/2021,All,1.9,0.5,,3.8,,2.6,0.3,,7.9,,1701736,401348,,32,2,,999,999
Deaths,04/17/2021,0-4,0.0,,,,,,,,,,162642,,,0,,,0,4
Deaths,04/17/2021,12-17,0.0,,,,,,,,,,175074,,,0,,,12,17
Deaths,04/17/2021,18-29,0.6,0.0,,,,,,,,,334994,62727,,2,0,,18,29
Deaths,04/17/2021,30-49,0.7,0.0,,,,,,,,,411591,151785,,3,0,,30,49
Deaths,04/17/2021,5-11,0.0,,,,,,,,,,210448,,,0,,,5,11
Deaths,04/17/2021,50-64,7.6,0.0,,,,,,,,,183429,103236,,14,0,,50,64
Deaths,04/17/2021,65-79,7.6,0.0,,,,,,,,,92158,126326,,7,0,,65,79
Deaths,04/17/2021,80+,23.4,2.9,,8.1,,,,,,,38396,35085,,9,1,,80,200
Deaths,04/17/2021,All,2.2,0.2,,11.0,,2.9,0.1,,30.4,,1610180,479614,,35,1,,999,999
Deaths,04/24/2021,0-4,0.0,,,,,,,,,,162642,,,0,,,0,4
Deaths,04/24/2021,12-17,0.0,,,,,,,,,,170822,,,0,,,12,17
Deaths,04/24/2021,18-29,0.3,0.0,,,,,,,,,308999,82377,,1,0,,18,29
Deaths,04/24/2021,30-49,1.1,0.0,,,,,,,,,378625,196779,,4,0,,30,49
Deaths,04/24/2021,5-11,0.0,,,,,,,,,,210448,,,0,,,5,11
Deaths,04/24/2021,50-64,8.5,0.7,,12.1,,,,,,,165386,136129,,14,1,,50,64
Deaths,04/24/2021,65-79,14.8,0.0,,,,,,,,,88044,142594,,13,0,,65,79
Deaths,04/24/2021,80+,16.1,2.5,,6.4,,,,,,,37293,39342,,6,1,,80,200
Deaths,04/24/2021,All,2.5,0.3,,8.3,,3.6,0.2,,19.0,,1523704,597912,,38,2,,999,999
Deaths,05/01/2021,0-4,0.0,,,,,,,,,,162642,,,0,,,0,4
Deaths,05/01/2021,12-17,0.6,,,,,,,,,,167478,,,1,,,12,17
Deaths,05/01/2021,18-29,0.0,0.0,,,,,,,,,292925,103876,,0,0,,18,29
Deaths,05/01/2021,30-49,2.0,0.0,,,,,,,,,356832,243061,,7,0,,30,49
Deaths,05/01/2021,5-11,0.0,,,,,,,,,,210448,,,0,,,5,11
Deaths,05/01/2021,50-64,7.9,0.0,,,,,,,,,152318,168363,,12,0,,50,64
Deaths,05/01/2021,65-79,10.7,0.0,,,,,,,,,84467,154292,,9,0,,65,79
Deaths,05/01/2021,80+,30.3,2.3,,13.2,,,,,,,36258,42577,,11,1,,80,200
Deaths,05/01/2021,All,2.7,0.1,,27.0,,3.9,0.1,,50.2,,1464813,713263,,40,1,,999,999
Deaths,05/08/2021,0-4,0.0,,,,,,,,,,162642,,,0,,,0,4
Deaths,05/08/2021,12-17,0.0,,,,,,,,,,165306,,,0,,,12,17
Deaths,05/08/2021,18-29,0.7,0.0,,,,,,,,,282362,127517,,2,0,,18,29
Deaths,05/08/2021,30-49,1.5,0.0,,,,,,,,,342425,292650,,5,0,,30,49
Deaths,05/08/2021,5-11,0.0,,,,,,,,,,210448,,,0,,,5,11
Deaths,05/08/2021,50-64,8.4,0.0,,,,,,,,,143394,197791,,12,0,,50,64
Deaths,05/08/2021,65-79,15.9,0.6,,26.5,,,,,,,81790,162143,,13,1,,65,79
Deaths,05/08/2021,80+,36.6,2.2,,16.6,,,,,,,35524,44695,,13,1,,80,200
Deaths,05/08/2021,All,3.2,0.2,,16.0,,4.5,0.1,,35.1,,1425336,826661,,45,2,,999,999
Deaths,05/15/2021,0-4,0.0,,,,,,,,,,162642,,,0,,,0,4
Deaths,05/15/2021,12-17,0.7,,,,,,,,,,152143,,,1,,,12,17
Deaths,05/15/2021,18-29,0.4,0.0,,,,,,,,,273364,153272,,1,0,,18,29
Deaths,05/15/2021,30-49,0.9,0.0,,,,,,,,,330338,338632,,3,0,,30,49
Deaths,05/15/2021,5-11,0.0,,,,,,,,,,210448,,,0,,,5,11
Deaths,05/15/2021,50-64,7.4,0.0,,,,,,,,,135918,220778,,10,0,,50,64
Deaths,05/15/2021,65-79,25.2,1.2,,21.0,,,,,,,79494,167925,,20,2,,65,79
Deaths,05/15/2021,80+,17.2,0.0,,,,,,,,,34955,46285,,6,0,,80,200
Deaths,05/15/2021,All,3.0,0.2,,15.0,,4.4,0.1,,39.7,,1380747,929976,,41,2,,999,999
Deaths,05/22/2021,0-4,0.0,,,,,,,,,,162642,,,0,,,0,4
Deaths,05/22/2021,12-17,0.0,,,,,,,,,,135527,,,0,,,12,17
Deaths,05/22/2021,18-29,0.4,0.0,,,,,,,,,262767,175782,,1,0,,18,29
Deaths,05/22/2021,30-49,1.3,0.0,,,,,,,,,315985,373718,,4,0,,30,49
Deaths,05/22/2021,5-11,0.0,,,,,,,,,,210448,,,0,,,5,11
Deaths,05/22/2021,50-64,6.3,0.0,,,,,,,,,127796,240126,,8,0,,50,64
Deaths,05/22/2021,65-79,22.0,0.0,,,,,,,,,77148,172682,,17,0,,65,79
Deaths,05/22/2021,80+,29.1,2.1,,13.9,,,,,,,34383,47580,,10,1,,80,200
Deaths,05/22/2021,All,3.0,0.1,,30.0,,4.4,0.1,,63.2,,1328140,1015184,,40,1,,999,999
Deaths,05/29/2021,0-4,0.0,,,,,,,,,,162642,,,0,,,0,4
Deaths,05/29/2021,12-17,0.0,0.0,,,,,,,,,126805,9009,,0,0,,12,17
Deaths,05/29/2021,18-29,0.0,0.0,,,,,,,,,255189,199901,,0,0,,18,29
Deaths,05/29/2021,30-49,1.3,0.0,,,,,,,,,305678,406024,,4,0,,30,49
Deaths,05/29/2021,5-11,0.0,,,,,,,,,,210448,,,0,,,5,11
Deaths,05/29/2021,50-64,8.2,0.0,,,,,,,,,122238,258372,,10,0,,50,64
Deaths,05/29/2021,65-79,11.9,0.0,,,,,,,,,75435,177017,,9,0,,65,79
Deaths,05/29/2021,80+,17.7,2.1,,8.4,,,,,,,33992,48773,,6,1,,80,200
Deaths,05/29/2021,All,2.2,0.1,,22.0,,3.3,0.1,,47.5,,1293871,1099105,,29,1,,999,999
Deaths,06/05/2021,0-4,0.0,,,,,,,,,,162642,,,0,,,0,4
Deaths,06/05/2021,12-17,0.0,0.0,,,,,,,,,121400,12117,,0,0,,12,17
Deaths,06/05/2021,18-29,0.0,0.0,,,,,,,,,250019,217146,,0,0,,18,29
Deaths,06/05/2021,30-49,1.3,0.0,,,,,,,,,298630,429959,,4,0,,30,49
Deaths,06/05/2021,5-11,0.0,,,,,,,,,,210448,,,0,,,5,11
Deaths,06/05/2021,50-64,11.0,0.0,,,,,,,,,118253,272874,,13,0,,50,64
Deaths,06/05/2021,65-79,17.5,1.1,,15.9,,,,,,,74190,180647,,13,2,,65,79
Deaths,06/05/2021,80+,8.9,0.0,,,,,,,,,33665,49742,,3,0,,80,200
Deaths,06/05/2021,All,2.6,0.2,,13.0,,4.0,0.1,,38.8,,1270690,1162494,,33,2,,999,999
Deaths,06/12/2021,0-4,0.0,,,,,,,,,,162642,,,0,,,0,4
Deaths,06/12/2021,12-17,0.0,0.0,,,,,,,,,116652,14190,,0,0,,12,17
Deaths,06/12/2021,18-29,0.0,0.0,,,,,,,,,245102,228351,,0,0,,18,29
Deaths,06/12/2021,30-49,1.0,0.0,,,,,,,,,291603,446226,,3,0,,30,49
Deaths,06/12/2021,5-11,0.0,,,,,,,,,,210448,,,0,,,5,11
Deaths,06/12/2021,50-64,9.6,0.0,,,,,,,,,114427,282776,,11,0,,50,64
Deaths,06/12/2021,65-79,13.7,0.0,,,,,,,,,72994,183414,,10,0,,65,79
Deaths,06/12/2021,80+,6.0,4.0,,1.5,,,,,,,33348,50453,,2,2,,80,200
Deaths,06/12/2021,All,2.1,0.2,,10.5,,3.2,0.1,,24.1,,1248658,1205419,,26,2,,999,999
Deaths,06/19/2021,0-4,0.0,,,,,,,,,,162642,,,0,,,0,4
Deaths,06/19/2021,12-17,0.0,0.0,,,,,,,,,112992,25113,,0,0,,12,17
Deaths,06/19/2021,18-29,0.0,0.0,,,,,,,,,240747,236678,,0,0,,18,29
Deaths,06/19/2021,30-49,1.7,0.0,,,,,,,,,285741,457903,,5,0,,30,49
Deaths,06/19/2021,5-11,0.0,,,,,,,,,,210448,,,0,,,5,11
Deaths,06/19/2021,50-64,7.2,0.0,,,,,,,,,111089,289828,,8,0,,50,64
Deaths,06/19/2021,65-79,2.8,1.1,,2.5,,,,,,,71845,185477,,2,2,,65,79
Deaths,06/19/2021,80+,0.0,0.0,,,,,,,,,33056,50937,,0,0,,80,200
Deaths,06/19/2021,All,1.2,0.2,,6.0,,1.9,0.1,,18.2,,1230002,1245945,,15,2,,999,999
Deaths,06/26/2021,0-4,0.0,,,,,,,,,,162642,,,0,,,0,4
Deaths,06/26/2021,12-17,0.0,0.0,,,,,,,,,109231,40684,,0,0,,12,17
Deaths,06/26/2021,18-29,0.0,0.0,,,,,,,,,236805,246337,,0,0,,18,29
Deaths,06/26/2021,30-49,0.4,0.0,,,,,,,,,280547,471178,,1,0,,30,49
Deaths,06/26/2021,5-11,0.0,,,,,,,,,,210448,,,0,,,5,11
Deaths,06/26/2021,50-64,1.8,0.3,,6.0,,,,,,,108233,297417,,2,1,,50,64
Deaths,06/26/2021,65-79,1.4,0.5,,2.8,,,,,,,70927,187639,,1,1,,65,79
Deaths,06/26/2021,80+,3.0,0.0,,,,,,,,,32801,51422,,1,0,,80,200
Deaths,06/26/2021,All,0.4,0.2,,2.0,,0.6,0.1,,6.8,,1213076,1294687,,5,2,,999,999
Deaths,07/03/2021,0-4,0.0,,,,,,,,,,162642,,,0,,,0,4
Deaths,07/03/2021,12-17,0.0,0.0,,,,,,,,,105974,49371,,0,0,,12,17
Deaths,07/03/2021,18-29,0.0,0.0,,,,,,,,,233492,253877,,0,0,,18,29
Deaths,07/03/2021,30-49,1.1,0.0,,,,,,,,,276051,481309,,3,0,,30,49
Deaths,07/03/2021,5-11,0.0,,,,,,,,,,210448,,,0,,,5,11
Deaths,07/03/2021,50-64,1.9,0.0,,,,,,,,,105765,303019,,2,0,,50,64
Deaths,07/03/2021,65-79,4.3,0.0,,,,,,,,,70102,189372,,3,0,,65,79
Deaths,07/03/2021,80+,0.0,0.0,,,,,,,,,32563,51824,,0,0,,80,200
Deaths,07/03/2021,All,0.7,0.0,,,,1.0,0.0,,,,1198478,1328782,,8,0,,999,999
Deaths,07/10/2021,0-4,0.0,,,,,,,,,,162642,,,0,,,0,4
Deaths,07/10/2021,12-17,0.0,0.0,,,,,,,,,103360,54919,,0,0,,12,17
Deaths,07/10/2021,18-29,0.0,0.0,,,,,,,,,230719,259241,,0,0,,18,29
Deaths,07/10/2021,30-49,0.4,0.0,,,,,,,,,272284,488713,,1,0,,30,49
Deaths,07/10/2021,5-11,0.0,,,,,,,,,,210448,,,0,,,5,11
Deaths,07/10/2021,50-64,1.9,0.0,,,,,,,,,103690,307307,,2,0,,50,64
Deaths,07/10/2021,65-79,2.9,0.0,,,,,,,,,69387,190645,,2,0,,65,79
Deaths,07/10/2021,80+,9.3,0.0,,,,,,,,,32412,52151,,3,0,,80,200
Deaths,07/10/2021,All,0.7,0.0,,,,1.0,0.0,,,,1186382,1352986,,8,0,,999,999
Deaths,07/17/2021,0-4,0.0,,,,,,,,,,162642,,,0,,,0,4
Deaths,07/17/2021,12-17,0.0,0.0,,,,,,,,,100142,59153,,0,0,,12,17
Deaths,07/17/2021,18-29,0.0,0.0,,,,,,,,,227511,263507,,0,0,,18,29
Deaths,07/17/2021,30-49,0.0,0.0,,,,,,,,,268333,494648,,0,0,,30,49
Deaths,07/17/2021,5-11,0.0,,,,,,,,,,210448,,,0,,,5,11
Deaths,07/17/2021,50-64,3.0,0.0,,,,,,,,,101635,310568,,3,0,,50,64
Deaths,07/17/2021,65-79,2.9,0.0,,,,,,,,,68677,191717,,2,0,,65,79
Deaths,07/17/2021,80+,3.1,0.0,,,,,,,,,32233,52428,,1,0,,80,200
Deaths,07/17/2021,All,0.5,0.0,,,,0.8,0.0,,,,1173061,1372031,,6,0,,999,999
Deaths,07/24/2021,0-4,0.0,,,,,,,,,,162642,,,0,,,0,4
Deaths,07/24/2021,12-17,0.0,0.0,,,,,,,,,96525,62459,,0,0,,12,17
Deaths,07/24/2021,18-29,0.0,0.0,,,,,,,,,224035,267218,,0,0,,18,29
Deaths,07/24/2021,30-49,0.4,0.0,,,,,,,,,263448,499818,,1,0,,30,49
Deaths,07/24/2021,5-11,0.0,,,,,,,,,,210448,,,0,,,5,11
Deaths,07/24/2021,50-64,4.0,0.0,,,,,,,,,99023,313534,,4,0,,50,64
Deaths,07/24/2021,65-79,4.4,0.0,,,,,,,,,67863,192682,,3,0,,65,79
Deaths,07/24/2021,80+,0.0,0.0,,,,,,,,,31967,52632,,0,0,,80,200
Deaths,07/24/2021,All,0.7,0.0,,,,1.1,0.0,,,,1157391,1388353,,8,0,,999,999
Deaths,07/31/2021,0-4,0.0,,,,,,,,,,162642,,,0,,,0,4
Deaths,07/31/2021,12-17,0.0,0.0,,,,,,,,,91908,65882,,0,0,,12,17
Deaths,07/31/2021,18-29,0.5,0.0,,,,,,,,,219855,270748,,1,0,,18,29
Deaths,07/31/2021,30-49,1.6,0.0,,,,,,,,,257900,504399,,4,0,,30,49
Deaths,07/31/2021,5-11,0.0,,,,,,,,,,210448,,,0,,,5,11
Deaths,07/31/2021,50-64,3.1,0.3,,10.3,,,,,,,96404,316039,,3,1,,50,64
Deaths,07/31/2021,65-79,9.0,0.0,,,,,,,,,67006,193535,,6,0,,65,79
Deaths,07/31/2021,80+,3.1,1.9,,1.6,,,,,,,31758,52855,,1,1,,80,200
Deaths,07/31/2021,All,1.3,0.1,,13.0,,2.0,0.1,,18.2,,1139361,1403468,,15,2,,999,999
Deaths,08/07/2021,0-4,0.0,,,,,,,,,,162642,,,0,,,0,4
Deaths,08/07/2021,12-17,0.0,0.0,,,,,,,,,87395,68987,,0,0,,12,17
Deaths,08/07/2021,18-29,1.4,0.0,,,,,,,,,215128,273891,,3,0,,18,29
Deaths,08/07/2021,30-49,1.6,0.0,,,,,,,,,251393,508447,,4,0,,30,49
Deaths,08/07/2021,5-11,0.5,,,,,,,,,,210448,,,1,,,5,11
Deaths,08/07/2021,50-64,3.2,0.0,,,,,,,,,93397,318448,,3,0,,50,64
Deaths,08/07/2021,65-79,4.5,0.5,,9.0,,,,,,,66044,194369,,3,1,,65,79
Deaths,08/07/2021,80+,6.4,3.8,,1.7,,,,,,,31493,53090,,2,2,,80,200
Deaths,08/07/2021,All,1.4,0.2,,7.0,,1.9,0.2,,10.8,,1119380,1417242,,16,3,,999,999
Deaths,08/14/2021,0-4,0.0,,,,,,,,,,162642,,,0,,,0,4
Deaths,08/14/2021,12-17,0.0,0.0,,,,,,,,,83420,71443,,0,0,,12,17
Deaths,08/14/2021,18-29,0.0,0.0,,,,,,,,,210927,276706,,0,0,,18,29
Deaths,08/14/2021,30-49,1.2,0.0,,,,,,,,,245796,512096,,3,0,,30,49
Deaths,08/14/2021,5-11,0.0,,,,,,,,,,210448,,,0,,,5,11
Deaths,08/14/2021,50-64,9.9,0.0,,,,,,,,,90843,320472,,9,0,,50,64
Deaths,08/14/2021,65-79,10.7,0.0,,,,,,,,,65221,195073,,7,0,,65,79
Deaths,08/14/2021,80+,6.4,0.0,,,,,,,,,31250,53259,,2,0,,80,200
Deaths,08/14/2021,All,1.9,0.0,,,,3.1,0.0,,,,1101987,1429059,,21,0,,999,999
Deaths,08/21/2021,0-4,0.0,,,,,,,,,,162642,,,0,,,0,4
Deaths,08/21/2021,12-17,1.3,0.0,,,,,,,,,79269,74310,,1,0,,12,17
Deaths,08/21/2021,18-29,0.5,0.0,,,,,,,,,206905,279600,,1,0,,18,29
Deaths,08/21/2021,30-49,0.8,0.0,,,,,,,,,240337,515735,,2,0,,30,49
Deaths,08/21/2021,5-11,0.0,,,,,,,,,,210448,,,0,,,5,11
Deaths,08/21/2021,50-64,7.9,0.0,,,,,,,,,88316,322442,,7,0,,50,64
Deaths,08/21/2021,65-79,6.2,1.0,,6.2,,,,,,,64269,195729,,4,2,,65,79
Deaths,08/21/2021,80+,12.9,3.7,,3.5,,,,,,,30980,53437,,4,2,,80,200
Deaths,08/21/2021,All,1.8,0.3,,6.0,,2.6,0.2,,12.1,,1084606,1441263,,19,4,,999,999
Deaths,08/28/2021,0-4,0.0,,,,,,,,,,162642,,,0,,,0,4
Deaths,08/28/2021,12-17,0.0,0.0,,,,,,,,,75289,77477,,0,0,,12,17
Deaths,08/28/2021,18-29,0.0,0.0,,,,,,,,,202837,282617,,0,0,,18,29
Deaths,08/28/2021,30-49,0.9,0.2,,4.5,,,,,,,234637,519731,,2,1,,30,49
Deaths,08/28/2021,5-11,0.0,,,,,,,,,,210448,,,0,,,5,11
Deaths,08/28/2021,50-64,4.7,0.3,,15.7,,,,,,,85832,324654,,4,1,,50,64
Deaths,08/28/2021,65-79,9.5,0.0,,,,,,,,,63414,196443,,6,0,,65,79
Deaths,08/28/2021,80+,29.2,3.7,,7.9,,,,,,,30772,53648,,9,2,,80,200
Deaths,08/28/2021,All,2.0,0.3,,6.7,,2.8,0.2,,12.4,,1067311,1454580,,21,4,,999,999
Deaths,09/04/2021,0-4,0.0,,,,,,,,,,162642,,,0,,,0,4
Deaths,09/04/2021,12-17,0.0,0.0,,,,,,,,,72875,81500,,0,0,,12,17
Deaths,09/04/2021,18-29,0.0,0.0,,,,,,,,,198335,285925,,0,0,,18,29
Deaths,09/04/2021,30-49,3.1,0.0,,,,,,,,,228731,524414,,7,0,,30,49
Deaths,09/04/2021,5-11,0.0,,,,,,,,,,210448,,,0,,,5,11
Deaths,09/04/2021,50-64,3.6,0.3,,12.0,,,,,,,83339,327098,,3,1,,50,64
Deaths,09/04/2021,65-79,12.8,1.5,,8.5,,,,,,,62660,197218,,8,3,,65,79
Deaths,09/04/2021,80+,32.7,3.7,,8.8,,,,,,,30590,53825,,10,2,,80,200
Deaths,09/04/2021,All,2.7,0.4,,6.8,,3.8,0.3,,12.2,,1051060,1469990,,28,6,,999,999
Deaths,09/11/2021,0-4,0.0,,,,,,,,,,162642,,,0,,,0,4
Deaths,09/11/2021,12-17,0.0,0.0,,,,,,,,,71062,85572,,0,0,,12,17
Deaths,09/11/2021,18-29,0.0,0.0,,,,,,,,,194912,289530,,0,0,,18,29
Deaths,09/11/2021,30-49,0.4,0.0,,,,,,,,,223827,529920,,1,0,,30,49
Deaths,09/11/2021,5-11,0.0,,,,,,,,,,210448,,,0,,,5,11
Deaths,09/11/2021,50-64,11.1,0.3,,37.0,,,,,,,81341,329689,,9,1,,50,64
Deaths,09/11/2021,65-79,11.3,2.0,,5.6,,,,,,,62064,198063,,7,4,,65,79
Deaths,09/11/2021,80+,16.4,5.5,,3.0,,,,,,,30447,54074,,5,3,,80,200
Deaths,09/11/2021,All,2.1,0.5,,4.2,,3.4,0.4,,8.2,,1038183,1486858,,22,8,,999,999
Deaths,09/18/2021,0-4,0.0,,,,,,,,,,162642,,,0,,,0,4
Deaths,09/18/2021,12-17,0.0,0.0,,,,,,,,,69042,88833,,0,0,,12,17
Deaths,09/18/2021,18-29,1.0,0.0,,,,,,,,,191240,293096,,2,0,,18,29
Deaths,09/18/2021,30-49,4.1,0.0,,,,,,,,,218717,534902,,9,0,,30,49
Deaths,09/18/2021,5-11,0.0,,,,,,,,,,210448,,,0,,,5,11
Deaths,09/18/2021,50-64,7.6,0.6,,12.7,,,,,,,79253,332008,,6,2,,50,64
Deaths,09/18/2021,65-79,13.0,0.5,,26.0,,,,,,,61377,198824,,8,1,,65,79
Deaths,09/18/2021,80+,26.4,1.8,,14.7,,,,,,,30284,54287,,8,1,,80,200
Deaths,09/18/2021,All,3.2,0.3,,10.7,,4.6,0.2,,23.6,,1024443,1501960,,33,4,,999,999
Deaths,09/25/2021,0-4,0.0,,,,,,,,,,162642,,,0,,,0,4
Deaths,09/25/2021,12-17,0.0,0.0,,,,,,,,,67320,92097,,0,0,,12,17
Deaths,09/25/2021,18-29,0.5,0.0,,,,,,,,,188178,296072,,1,0,,18,29
Deaths,09/25/2021,30-49,4.2,0.2,,21.0,,,,,,,214323,539323,,9,1,,30,49
Deaths,09/25/2021,5-11,0.0,,,,,,,,,,210448,,,0,,,5,11
Deaths,09/25/2021,50-64,7.8,0.3,,26.0,,,,,,,77410,334054,,6,1,,50,64
Deaths,09/25/2021,65-79,8.2,1.0,,8.2,,,,,,,60691,199483,,5,2,,65,79
Deaths,09/25/2021,80+,19.9,1.8,,11.1,,,,,,,30100,54466,,6,1,,80,200
Deaths,09/25/2021,All,2.7,0.3,,9.0,,4.0,0.3,,15.3,,1012552,1515505,,27,5,,999,999
Deaths,10/02/2021,0-4,0.0,,,,,,,,,,162642,,,0,,,0,4
Deaths,10/02/2021,12-17,0.0,0.0,,,,,,,,,65789,95470,,0,0,,12,17
Deaths,10/02/2021,18-29,0.0,0.0,,,,,,,,,185245,299425,,0,0,,18,29
Deaths,10/02/2021,30-49,2.4,0.0,,,,,,,,,209778,544307,,5,0,,30,49
Deaths,10/02/2021,5-11,0.0,,,,,,,,,,210448,,,0,,,5,11
Deaths,10/02/2021,50-64,5.3,0.3,,17.7,,,,,,,75462,336266,,4,1,,50,64
Deaths,10/02/2021,65-79,16.8,1.5,,11.2,,,,,,,59550,200182,,10,3,,65,79
Deaths,10/02/2021,80+,36.9,1.8,,20.5,,,,,,,29799,54624,,11,1,,80,200
Deaths,10/02/2021,All,3.0,0.3,,10.0,,4.3,0.2,,17.7,,1000153,1530284,,30,5,,999,999
Deaths,10/09/2021,0-4,0.0,,,,,,,,,,162642,,,0,,,0,4
Deaths,10/09/2021,12-17,0.0,0.0,,,,,,,,,64487,97712,,0,0,,12,17
Deaths,10/09/2021,18-29,0.0,0.0,,,,,,,,,182537,302860,,0,0,,18,29
Deaths,10/09/2021,30-49,1.5,0.0,,,,,,,,,205508,549247,,3,0,,30,49
Deaths,10/09/2021,5-11,0.0,,,,,,,,,,210448,,,0,,,5,11
Deaths,10/09/2021,50-64,10.9,0.3,,36.3,,,,,,,73730,338482,,8,1,,50,64
Deaths,10/09/2021,65-79,15.3,0.0,,,,,,,,,58635,200787,,9,0,,65,79
Deaths,10/09/2021,80+,16.9,3.7,,4.6,,,,,,,29579,54787,,5,2,,80,200
Deaths,10/09/2021,All,2.5,0.2,,12.5,,4.1,0.2,,24.2,,989006,1543885,,25,3,,999,999
Deaths,10/16/2021,0-4,0.0,,,,,,,,,,162642,,,0,,,0,4
Deaths,10/16/2021,12-17,0.0,0.0,,,,,,,,,63293,99411,,0,0,,12,17
Deaths,10/16/2021,18-29,0.6,0.0,,,,,,,,,179828,305909,,1,0,,18,29
Deaths,10/16/2021,30-49,3.0,0.0,,,,,,,,,201126,553922,,6,0,,30,49
Deaths,10/16/2021,5-11,0.0,,,,,,,,,,210448,,,0,,,5,11
Deaths,10/16/2021,50-64,2.8,0.6,,4.7,,,,,,,71819,340453,,2,2,,50,64
Deaths,10/16/2021,65-79,12.1,1.0,,12.1,,,,,,,57841,201474,,7,2,,65,79
Deaths,10/16/2021,80+,13.6,0.0,,,,,,,,,29394,54912,,4,0,,80,200
Deaths,10/16/2021,All,2.0,0.3,,6.7,,3.0,0.2,,16.5,,977831,1556091,,20,4,,999,999
Deaths,10/23/2021,0-4,0.0,,,,,,,,,,162642,,,0,,,0,4
Deaths,10/23/2021,12-17,0.0,0.0,,,,,,,,,62327,101011,,0,0,,12,17
Deaths,10/23/2021,18-29,0.0,0.0,0.0,,,,,,,,177426,308844,5112,0,0,0,18,29
Deaths,10/23/2021,30-49,2.5,0.0,0.0,,,,,,,,197644,558258,17064,5,0,0,30,49
Deaths,10/23/2021,5-11,0.0,,,,,,,,,,210448,,,0,,,5,11
Deaths,10/23/2021,50-64,5.7,0.9,0.0,6.3,,,,,,,70085,342294,12920,4,3,0,50,64
Deaths,10/23/2021,65-79,14.1,1.5,0.0,9.4,,,,,,,56917,202089,25238,8,3,0,65,79
Deaths,10/23/2021,80+,10.3,5.5,0.0,1.9,,,,,,,29134,55042,6599,3,3,0,80,200
Deaths,10/23/2021,All,2.1,0.6,0.0,3.5,,3.3,0.5,0.0,7.2,,968062,1567548,67104,20,9,0,999,999
Deaths,10/30/2021,0-4,0.0,,,,,,,,,,162642,,,0,,,0,4
Deaths,10/30/2021,12-17,0.0,0.0,,,,,,,,,61522,102498,,0,0,,12,17
Deaths,10/30/2021,18-29,0.0,0.0,0.0,,,,,,,,174919,311434,7317,0,0,0,18,29
Deaths,10/30/2021,30-49,0.5,0.0,0.0,,,,,,,,193574,562547,24010,1,0,0,30,49
Deaths,10/30/2021,5-11,0.0,,,,,,,,,,210448,,,0,,,5,11
Deaths,10/30/2021,50-64,7.3,1.5,0.0,4.9,,,,,,,68115,344109,18088,5,5,0,50,64
Deaths,10/30/2021,65-79,7.2,0.5,0.0,14.4,,,,,,,55506,202637,32602,4,1,0,65,79
Deaths,10/30/2021,80+,10.4,5.4,0.0,1.9,,,,,,,28795,55189,8558,3,3,0,80,200
Deaths,10/30/2021,All,1.4,0.6,0.0,2.3,,2.3,0.5,0.0,5.0,,956960,1578424,90762,13,9,0,999,999
Deaths,11/06/2021,0-4,0.0,,,,,,,,,,162642,,,0,,,0,4
Deaths,11/06/2021,12-17,0.0,0.0,,,,,,,,,60623,103779,,0,0,,12,17
Deaths,11/06/2021,18-29,0.0,0.0,0.0,,,,,,,,172329,313772,9424,0,0,0,18,29
Deaths,11/06/2021,30-49,2.1,0.0,0.0,,,,,,,,189473,566250,31638,4,0,0,30,49
Deaths,11/06/2021,5-11,0.0,,,,,,,,,,204891,,,0,,,5,11
Deaths,11/06/2021,50-64,4.5,0.0,0.0,,,,,,,,66124,345783,24559,3,0,0,50,64
Deaths,11/06/2021,65-79,3.7,1.0,0.0,3.7,,,,,,,54281,203209,41360,2,2,0,65,79
Deaths,11/06/2021,80+,21.1,5.4,0.0,3.9,,,,,,,28425,55327,10940,6,3,0,80,200
Deaths,11/06/2021,All,1.6,0.3,0.0,5.3,,2.4,0.3,0.0,8.7,,940226,1588130,118124,15,5,0,999,999
Deaths,11/13/2021,0-4,0.0,,,,,,,,,,162642,,,0,,,0,4
Deaths,11/13/2021,12-17,0.0,0.0,,,,,,,,,58668,104870,,0,0,,12,17
Deaths,11/13/2021,18-29,0.0,0.0,0.0,,,,,,,,169799,315857,13161,0,0,0,18,29
Deaths,11/13/2021,30-49,0.5,0.2,0.0,2.5,,,,,,,185405,569939,46057,1,1,0,30,49
Deaths,11/13/2021,5-11,0.0,,,,,,,,,,179775,,,0,,,5,11
Deaths,11/13/2021,50-64,9.4,0.6,0.0,15.7,,,,,,,64134,347412,35845,6,2,0,50,64
Deaths,11/13/2021,65-79,9.4,3.9,1.8,2.4,5.2,,,,,,53158,203955,55682,5,8,1,65,79
Deaths,11/13/2021,80+,10.7,7.2,0.0,1.5,,,,,,,28115,55500,14379,3,4,0,80,200
Deaths,11/13/2021,All,1.7,0.9,0.6,1.9,2.8,2.8,0.8,0.2,3.7,16.7,903134,1597543,165349,15,15,1,999,999
Deaths,11/20/2021,0-4,0.0,,,,,,,,,,162642,,,0,,,0,4
Deaths,11/20/2021,12-17,0.0,0.0,,,,,,,,,57399,105837,,0,0,,12,17
Deaths,11/20/2021,18-29,0.0,0.0,0.0,,,,,,,,166869,317822,17682,0,0,0,18,29
Deaths,11/20/2021,30-49,1.7,0.0,0.0,,,,,,,,180967,573409,62789,3,0,0,30,49
Deaths,11/20/2021,5-11,0.0,,,,,,,,,,165850,0,,0,0,,5,11
Deaths,11/20/2021,50-64,11.3,0.6,0.0,18.8,,,,,,,61858,348967,48163,7,2,0,50,64
Deaths,11/20/2021,65-79,5.8,0.0,0.0,,,,,,,,51895,204745,68482,3,0,0,65,79
Deaths,11/20/2021,80+,14.4,12.6,5.6,1.1,2.6,,,,,,27745,55699,18001,4,7,1,80,200
Deaths,11/20/2021,All,1.9,0.6,0.5,3.2,3.8,3.2,0.5,0.2,6.3,17.3,876663,1606489,215372,17,9,1,999,999
Deaths,11/27/2021,0-4,0.0,,,,,,,,,,162642,,,0,,,0,4
Deaths,11/27/2021,12-17,0.0,0.0,,,,,,,,,56622,106763,,0,0,,12,17
Deaths,11/27/2021,18-29,0.6,0.0,0.0,,,,,,,,164447,319674,22478,1,0,0,18,29
Deaths,11/27/2021,30-49,1.1,0.3,0.0,3.7,,,,,,,177404,576322,80840,2,2,0,30,49
Deaths,11/27/2021,5-11,0.0,0.0,,,,,,,,,160063,4,,0,0,,5,11
Deaths,11/27/2021,50-64,8.3,0.3,0.0,27.7,,,,,,,59995,350353,61157,5,1,0,50,64
Deaths,11/27/2021,65-79,19.6,1.9,0.0,10.3,,,,,,,51043,205495,79830,10,4,0,65,79
Deaths,11/27/2021,80+,7.3,12.5,0.0,0.6,,,,,,,27530,55924,21641,2,7,0,80,200
Deaths,11/27/2021,All,2.3,0.9,0.0,2.6,,3.7,0.7,0.0,5.1,,861184,1614545,266248,20,14,0,999,999
Deaths,12/04/2021,0-4,0.0,,,,,,,,,,162642,,,0,,,0,4
Deaths,12/04/2021,12-17,0.0,0.0,,,,,,,,,55777,107453,,0,0,,12,17
Deaths,12/04/2021,18-29,0.6,0.0,0.0,,,,,,,,161138,321348,28084,1,0,0,18,29
Deaths,12/04/2021,30-49,2.3,0.0,0.0,,,,,,,,172312,578991,100885,4,0,0,30,49
Deaths,12/04/2021,5-11,0.0,0.0,,,,,,,,,155490,8,,0,0,,5,11
Deaths,12/04/2021,50-64,12.2,0.0,0.0,,,,,,,,57559,351668,76507,7,0,0,50,64
Deaths,12/04/2021,65-79,26.0,1.5,0.0,17.3,,,,,,,49975,206235,91736,13,3,0,65,79
Deaths,12/04/2021,80+,25.7,5.3,0.0,4.8,,,,,,,27223,56186,25326,7,3,0,80,200
Deaths,12/04/2021,All,3.8,0.4,0.0,9.5,,5.9,0.3,0.0,18.7,,843554,1621899,322883,32,6,0,999,999
Deaths,12/11/2021,0-4,0.0,,,,,,,,,,162642,,,0,,,0,4
Deaths,12/11/2021,12-17,0.0,0.0,0.0,,,,,,,,54699,108021,400,0,0,0,12,17
Deaths,12/11/2021,18-29,0.0,0.0,0.0,,,,,,,,157034,322653,33993,0,0,0,18,29
Deaths,12/11/2021,30-49,7.8,0.3,0.0,26.0,,,,,,,166918,581046,118950,13,2,0,30,49
Deaths,12/11/2021,5-11,0.0,0.0,,,,,,,,,150369,2850,,0,0,,5,11
Deaths,12/11/2021,50-64,20.0,0.6,1.1,33.3,18.2,,,,,,55055,352631,89313,11,2,1,50,64
Deaths,12/11/2021,65-79,28.6,1.9,3.0,15.1,9.5,,,,,,48978,206706,98789,14,4,3,65,79
Deaths,12/11/2021,80+,40.8,7.1,3.7,5.7,11.0,,,,,,26984,56291,27326,11,4,1,80,200
Deaths,12/11/2021,All,5.9,0.7,1.4,8.4,4.2,9.4,0.6,0.6,15.8,16.6,824117,1630208,368771,49,12,5,999,999
Deaths,12/18/2021,0-4,0.0,,,,,,,,,,162642,,,0,,,0,4
Deaths,12/18/2021,12-17,0.0,0.0,0.0,,,,,,,,53455,109589,472,0,0,0,12,17
Deaths,12/18/2021,18-29,0.0,0.0,0.0,,,,,,,,152524,324366,42088,0,0,0,18,29
Deaths,12/18/2021,30-49,3.1,0.3,0.0,10.3,,,,,,,161387,583685,143828,5,2,0,30,49
Deaths,12/18/2021,5-11,0.0,0.0,,,,,,,,,145780,24420,,0,0,,5,11
Deaths,12/18/2021,50-64,28.5,0.8,0.0,35.6,,,,,,,52556,353887,107039,15,3,0,50,64
Deaths,12/18/2021,65-79,39.6,3.4,0.0,11.6,,,,,,,47970,207393,108517,19,7,0,65,79
Deaths,12/18/2021,80+,37.4,8.9,3.3,4.2,11.3,,,,,,26738,56470,30298,10,5,1,80,200
Deaths,12/18/2021,All,6.1,1.0,0.2,6.1,30.5,10.2,0.8,0.1,12.3,92.3,804490,1659820,432242,49,17,1,999,999
Deaths,12/25/2021,0-4,0.0,,,,,,,,,,162642,,,0,,,0,4
Deaths,12/25/2021,12-17,0.0,0.0,0.0,,,,,,,,52245,110874,705,0,0,0,12,17
Deaths,12/25/2021,18-29,0.0,0.0,0.0,,,,,,,,148598,326112,52975,0,0,0,18,29
Deaths,12/25/2021,30-49,2.5,0.0,0.0,,,,,,,,156943,586329,170883,4,0,0,30,49
Deaths,12/25/2021,5-11,0.0,0.0,,,,,,,,,141645,37764,,0,0,,5,11
Deaths,12/25/2021,50-64,27.8,3.4,0.0,8.2,,,,,,,50363,355182,125167,14,12,0,50,64
Deaths,12/25/2021,65-79,48.8,5.3,3.4,9.2,14.4,,,,,,47164,208043,117043,23,11,4,65,79
Deaths,12/25/2021,80+,71.6,15.9,3.1,4.5,23.1,,,,,,26529,56622,32674,19,9,1,80,200
Deaths,12/25/2021,All,7.6,1.9,1.0,4.0,7.6,11.9,1.5,0.4,7.7,28.3,787567,1680936,499447,60,32,5,999,999
Deaths,01/01/2022,0-4,0.0,,,,,,,,,,162642,,,0,,,0,4
Deaths,01/01/2022,12-17,0.0,0.0,0.0,,,,,,,,50608,111769,1795,0,0,0,12,17
Deaths,01/01/2022,18-29,0.0,0.0,0.0,,,,,,,,144283,327732,65249,0,0,0,18,29
Deaths,01/01/2022,30-49,4.0,0.2,0.0,20.0,,,,,,,151737,588898,197132,6,1,0,30,49
Deaths,01/01/2022,5-11,0.0,0.0,,,,,,,,,136835,44085,,0,0,,5,11
Deaths,01/01/2022,50-64,27.1,2.2,0.7,12.3,38.7,,,,,,47993,356411,142422,13,8,1,50,64
Deaths,01/01/2022,65-79,60.3,4.8,2.4,12.6,25.1,,,,,,46403,208541,124938,28,10,3,65,79
Deaths,01/01/2022,80+,60.7,14.1,8.6,4.3,7.1,,,,,,26356,56768,34777,16,8,3,80,200
Deaths,01/01/2022,All,8.2,1.6,1.2,5.1,6.8,12.9,1.3,0.6,9.9,21.0,768295,1694214,566313,63,27,7,999,999
Deaths,01/08/2022,0-4,0.0,,,,,,,,,,162642,,,0,,,0,4
Deaths,01/08/2022,12-17,0.0,0.9,0.0,0.0,,,,,,,48065,112403,3349,0,1,0,12,17
Deaths,01/08/2022,18-29,0.7,0.3,0.0,2.3,,,,,,,137033,329015,75351,1,1,0,18,29
Deaths,01/08/2022,30-49,6.3,0.5,0.0,12.6,,,,,,,143985,590736,217037,9,3,0,30,49
Deaths,01/08/2022,5-11,0.0,0.0,,,,,,,,,130167,47166,,0,0,,5,11
Deaths,01/08/2022,50-64,52.9,3.4,0.6,15.6,88.2,,,,,,45338,357286,155456,24,12,1,50,64
Deaths,01/08/2022,65-79,70.2,9.1,2.3,7.7,30.5,,,,,,45577,208938,130560,32,19,3,65,79
Deaths,01/08/2022,80+,133.5,35.2,22.1,3.8,6.0,,,,,,26210,56880,36267,35,20,8,80,200
Deaths,01/08/2022,All,13.6,3.3,1.9,4.1,7.2,21.0,2.8,1.0,7.5,20.1,740455,1702434,618020,101,56,12,999,999
Deaths,01/15/2022,0-4,0.0,,,,,,,,,,162642,,,0,,,0,4
Deaths,01/15/2022,12-17,0.0,0.0,0.0,,,,,,,,45013,113129,4908,0,0,0,12,17
Deaths,01/15/2022,18-29,0.0,0.3,0.0,0.0,,,,,,,129421,330464,83748,0,1,0,18,29
Deaths,01/15/2022,30-49,5.9,0.2,0.0,29.5,,,,,,,136018,592690,232265,8,1,0,30,49
Deaths,01/15/2022,5-11,0.0,0.0,,,,,,,,,122909,50682,,0,0,,5,11
Deaths,01/15/2022,50-64,39.9,2.2,1.2,18.1,33.2,,,,,,42645,358176,165804,17,8,2,50,64
Deaths,01/15/2022,65-79,89.3,7.6,8.2,11.8,10.9,,,,,,44775,209253,134571,40,16,11,65,79
Deaths,01/15/2022,80+,96.1,43.9,26.8,2.2,3.6,,,,,,26027,56957,37328,25,25,10,80,200
Deaths,01/15/2022,All,12.7,3.0,3.5,4.2,3.6,19.3,2.6,1.8,7.4,10.5,710887,1711361,658624,90,51,23,999,999
Deaths,01/22/2022,0-4,0.0,,,,,,,,,,162642,,,0,,,0,4
Deaths,01/22/2022,12-17,0.0,0.0,0.0,,,,,,,,42430,114336,8412,0,0,0,12,17
Deaths,01/22/2022,18-29,0.8,0.0,0.0,,,,,,,,122858,332529,93053,1,0,0,18,29
Deaths,01/22/2022,30-49,1.5,0.3,0.0,5.0,,,,,,,129412,595363,248624,2,2,0,30,49
Deaths,01/22/2022,5-11,0.0,0.0,,,,,,,,,117520,55477,,0,0,,5,11
Deaths,01/22/2022,50-64,49.7,3.1,0.0,16.0,,,,,,,40205,359246,176068,20,11,0,50,64
Deaths,01/22/2022,65-79,54.4,7.6,2.2,7.2,24.7,,,,,,44099,209666,138544,24,16,3,65,79
Deaths,01/22/2022,80+,204.7,42.1,10.5,4.9,19.5,,,,,,25886,57038,38227,53,24,4,80,200
Deaths,01/22/2022,All,14.6,3.1,1.0,4.7,14.6,19.9,2.7,0.6,7.5,35.9,686489,1723665,702928,100,53,7,999,999
Deaths,01/29/2022,0-4,0.0,,,,,,,,,,162642,,,0,,,0,4
Deaths,01/29/2022,12-17,0.0,0.0,0.0,,,,,,,,40110,115607,13237,0,0,0,12,17
Deaths,01/29/2022,18-29,0.8,0.0,0.0,,,,,,,,117724,334549,102046,1,0,0,18,29
Deaths,01/29/2022,30-49,0.8,0.0,0.0,,,,,,,,124200,597912,263541,1,0,0,30,49
Deaths,01/29/2022,5-11,0.0,0.0,,,,,,,,,112802,59669,,0,0,,5,11
Deaths,01/29/2022,50-64,31.4,1.9,2.2,16.5,14.3,,,,,,38263,360308,185703,12,7,4,50,64
Deaths,01/29/2022,65-79,25.3,3.8,4.2,6.7,6.0,,,,,,43522,210049,142142,11,8,6,65,79
Deaths,01/29/2022,80+,81.6,15.8,10.2,5.2,8.0,,,,,,25748,57139,39097,21,9,4,80,200
Deaths,01/29/2022,All,6.9,1.4,1.9,4.9,3.6,10.2,1.2,1.1,8.7,9.6,666448,1735243,745766,46,24,14,999,999
Hospitalizations,04/03/2021,0-4,1.8,,,,,,,,,,162642,,,3,,,0,4
Hospitalizations,04/03/2021,12-17,1.1,,,,,,,,,,178756,,,2,,,12,17
Hospitalizations,04/03/2021,18-29,6.9,0.0,,,,,,,,,390329,46270,,27,0,,18,29
Hospitalizations,04/03/2021,30-49,13.4,1.8,,7.4,,,,,,,500657,108518,,67,2,,30,49
Hospitalizations,04/03/2021,5-11,0.5,,,,,,,,,,210448,,,1,,,5,11
Hospitalizations,04/03/2021,50-64,39.2,4.4,,8.9,,,,,,,232142,67939,,91,3,,50,64
Hospitalizations,04/03/2021,65-79,48.2,4.3,,11.2,,,,,,,103800,93422,,50,4,,65,79
Hospitalizations,04/03/2021,80+,43.4,3.7,,11.7,,,,,,,41475,26692,,18,1,,80,200
Hospitalizations,04/03/2021,All,14.2,2.9,,4.9,,17.3,1.7,,10.0,,1821704,343073,,259,10,,999,999
Hospitalizations,04/10/2021,0-4,1.8,,,,,,,,,,162642,,,3,,,0,4
Hospitalizations,04/10/2021,12-17,2.3,,,,,,,,,,177470,,,4,,,12,17
Hospitalizations,04/10/2021,18-29,5.8,1.9,,3.1,,,,,,,359725,52742,,21,1,,18,29
Hospitalizations,04/10/2021,30-49,17.8,1.6,,11.1,,,,,,,448501,126477,,80,2,,30,49
Hospitalizations,04/10/2021,5-11,1.4,,,,,,,,,,210448,,,3,,,5,11
Hospitalizations,04/10/2021,50-64,51.8,2.4,,21.6,,,,,,,204635,82062,,106,2,,50,64
Hospitalizations,04/10/2021,65-79,55.6,3.7,,15.0,,,,,,,97130,109054,,54,4,,65,79
Hospitalizations,04/10/2021,80+,70.5,9.8,,7.2,,,,,,,39734,30692,,28,3,,80,200
Hospitalizations,04/10/2021,All,17.6,3.0,,5.9,,22.1,1.8,,12.1,,1701736,401348,,299,12,,999,999
Hospitalizations,04/17/2021,0-4,1.2,,,,,,,,,,162642,,,2,,,0,4
Hospitalizations,04/17/2021,12-17,2.3,,,,,,,,,,175074,,,4,,,12,17
Hospitalizations,04/17/2021,18-29,9.3,3.2,,2.9,,,,,,,334994,62727,,31,2,,18,29
Hospitalizations,04/17/2021,30-49,19.2,2.0,,9.6,,,,,,,411591,151785,,79,3,,30,49
Hospitalizations,04/17/2021,5-11,1.0,,,,,,,,,,210448,,,2,,,5,11
Hospitalizations,04/17/2021,50-64,57.2,2.9,,19.7,,,,,,,183429,103236,,105,3,,50,64
Hospitalizations,04/17/2021,65-79,54.3,9.5,,5.7,,,,,,,92158,126326,,50,12,,65,79
Hospitalizations,04/17/2021,80+,83.3,11.4,,7.3,,,,,,,38396,35085,,32,4,,80,200
Hospitalizations,04/17/2021,All,18.9,5.0,,3.8,,24.2,2.8,,8.6,,1610180,479614,,305,24,,999,999
Hospitalizations,04/24/2021,0-4,2.5,,,,,,,,,,162642,,,4,,,0,4
Hospitalizations,04/24/2021,12-17,2.9,,,,,,,,,,170822,,,5,,,12,17
Hospitalizations,04/24/2021,18-29,7.8,2.4,,3.2,,,,,,,308999,82377,,24,2,,18,29
Hospitalizations,04/24/2021,30-49,29.6,0.0,,,,,,,,,378625,196779,,112,0,,30,49
Hospitalizations,04/24/2021,5-11,1.4,,,,,,,,,,210448,,,3,,,5,11
Hospitalizations,04/24/2021,50-64,56.8,2.2,,25.8,,,,,,,165386,136129,,94,3,,50,64
Hospitalizations,04/24/2021,65-79,61.3,4.2,,14.6,,,,,,,88044,142594,,54,6,,65,79
Hospitalizations,04/24/2021,80+,67.0,7.6,,8.8,,,,,,,37293,39342,,25,3,,80,200
Hospitalizations,04/24/2021,All,21.1,2.3,,9.2,,27.3,1.4,,20.1,,1523704,597912,,321,14,,999,999
Hospitalizations,05/01/2021,0-4,3.1,,,,,,,,,,162642,,,5,,,0,4
Hospitalizations,05/01/2021,12-17,4.2,,,,,,,,,,167478,,,7,,,12,17
Hospitalizations,05/01/2021,18-29,9.9,1.0,,9.9,,,,,,,292925,103876,,29,1,,18,29
Hospitalizations,05/01/2021,30-49,25.5,1.2,,21.2,,,,,,,356832,243061,,91,3,,30,49
Hospitalizations,05/01/2021,5-11,1.0,,,,,,,,,,210448,,,2,,,5,11
Hospitalizations,05/01/2021,50-64,61.1,1.2,,50.9,,,,,,,152318,168363,,93,2,,50,64
Hospitalizations,05/01/2021,65-79,59.2,4.5,,13.2,,,,,,,84467,154292,,50,7,,65,79
Hospitalizations,05/01/2021,80+,80.0,11.7,,6.8,,,,,,,36258,42577,,29,5,,80,200
Hospitalizations,05/01/2021,All,20.9,2.5,,8.4,,27.4,1.5,,18.1,,1464813,713263,,306,18,,999,999
Hospitalizations,05/08/2021,0-4,3.1,,,,,,,,,,162642,,,5,,,0,4
Hospitalizations,05/08/2021,12-17,1.2,,,,,,,,,,165306,,,2,,,12,17
Hospitalizations,05/08/2021,18-29,9.2,0.8,,11.5,,,,,,,282362,127517,,26,1,,18,29
Hospitalizations,05/08/2021,30-49,20.7,1.0,,20.7,,,,,,,342425,292650,,71,3,,30,49
Hospitalizations,05/08/2021,5-11,0.5,,,,,,,,,,210448,,,1,,,5,11
Hospitalizations,05/08/2021,50-64,69.0,3.5,,19.7,,,,,,,143394,197791,,99,7,,50,64
Hospitalizations,05/08/2021,65-79,68.5,4.9,,14.0,,,,,,,81790,162143,,56,8,,65,79
Hospitalizations,05/08/2021,80+,76.0,2.2,,34.5,,,,,,,35524,44695,,27,1,,80,200
Hospitalizations,05/08/2021,All,20.1,2.4,,8.4,,27.4,1.5,,18.4,,1425336,826661,,287,20,,999,999
Hospitalizations,05/15/2021,0-4,0.0,,,,,,,,,,162642,,,0,,,0,4
Hospitalizations,05/15/2021,12-17,1.3,,,,,,,,,,152143,,,2,,,12,17
Hospitalizations,05/15/2021,18-29,9.1,0.7,,13.0,,,,,,,273364,153272,,25,1,,18,29
Hospitalizations,05/15/2021,30-49,22.1,0.3,,73.7,,,,,,,330338,338632,,73,1,,30,49
Hospitalizations,05/15/2021,5-11,1.4,,,,,,,,,,210448,,,3,,,5,11
Hospitalizations,05/15/2021,50-64,48.6,1.8,,27.0,,,,,,,135918,220778,,66,4,,50,64
Hospitalizations,05/15/2021,65-79,56.6,3.6,,15.7,,,,,,,79494,167925,,45,6,,65,79
Hospitalizations,05/15/2021,80+,51.5,4.3,,12.0,,,,,,,34955,46285,,18,2,,80,200
Hospitalizations,05/15/2021,All,16.8,1.5,,11.2,,22.7,1.0,,23.9,,1380747,929976,,232,14,,999,999
Hospitalizations,05/22/2021,0-4,1.2,,,,,,,,,,162642,,,2,,,0,4
Hospitalizations,05/22/2021,12-17,0.7,,,,,,,,,,135527,,,1,,,12,17
Hospitalizations,05/22/2021,18-29,10.3,1.1,,9.4,,,,,,,262767,175782,,27,2,,18,29
Hospitalizations,05/22/2021,30-49,21.2,1.1,,19.3,,,,,,,315985,373718,,67,4,,30,49
Hospitalizations,05/22/2021,5-11,1.9,,,,,,,,,,210448,,,4,,,5,11
Hospitalizations,05/22/2021,50-64,54.0,0.8,,67.5,,,,,,,127796,240126,,69,2,,50,64
Hospitalizations,05/22/2021,65-79,46.7,4.6,,10.2,,,,,,,77148,172682,,36,8,,65,79
Hospitalizations,05/22/2021,80+,37.8,4.2,,9.0,,,,,,,34383,47580,,13,2,,80,200
Hospitalizations,05/22/2021,All,16.5,1.8,,9.2,,22.2,1.2,,18.5,,1328140,1015184,,219,18,,999,999
Hospitalizations,05/29/2021,0-4,0.6,,,,,,,,,,162642,,,1,,,0,4
Hospitalizations,05/29/2021,12-17,1.6,0.0,,,,,,,,,126805,9009,,2,0,,12,17
Hospitalizations,05/29/2021,18-29,7.1,0.5,,14.2,,,,,,,255189,199901,,18,1,,18,29
Hospitalizations,05/29/2021,30-49,11.8,0.2,,59.0,,,,,,,305678,406024,,36,1,,30,49
Hospitalizations,05/29/2021,5-11,0.0,,,,,,,,,,210448,,,0,,,5,11
Hospitalizations,05/29/2021,50-64,35.2,1.2,,29.3,,,,,,,122238,258372,,43,3,,50,64
Hospitalizations,05/29/2021,65-79,39.8,4.0,,10.0,,,,,,,75435,177017,,30,7,,65,79
Hospitalizations,05/29/2021,80+,50.0,4.1,,12.2,,,,,,,33992,48773,,17,2,,80,200
Hospitalizations,05/29/2021,All,11.4,1.3,,8.8,,15.6,0.8,,18.8,,1293871,1099105,,147,14,,999,999
Hospitalizations,06/05/2021,0-4,2.5,,,,,,,,,,162642,,,4,,,0,4
Hospitalizations,06/05/2021,12-17,0.8,0.0,,,,,,,,,121400,12117,,1,0,,12,17
Hospitalizations,06/05/2021,18-29,2.4,0.5,,4.8,,,,,,,250019,217146,,6,1,,18,29
Hospitalizations,06/05/2021,30-49,8.4,0.5,,16.8,,,,,,,298630,429959,,25,2,,30,49
Hospitalizations,06/05/2021,5-11,1.9,,,,,,,,,,210448,,,4,,,5,11
Hospitalizations,06/05/2021,50-64,26.2,0.4,,65.5,,,,,,,118253,272874,,31,1,,50,64
Hospitalizations,06/05/2021,65-79,21.6,1.7,,12.7,,,,,,,74190,180647,,16,3,,65,79
Hospitalizations,06/05/2021,80+,11.9,6.0,,2.0,,,,,,,33665,49742,,4,3,,80,200
Hospitalizations,06/05/2021,All,7.2,0.9,,8.0,,9.7,0.7,,14.9,,1270690,1162494,,91,10,,999,999
Hospitalizations,06/12/2021,0-4,1.2,,,,,,,,,,162642,,,2,,,0,4
Hospitalizations,06/12/2021,12-17,1.7,0.0,,,,,,,,,116652,14190,,2,0,,12,17
Hospitalizations,06/12/2021,18-29,2.4,0.0,,,,,,,,,245102,228351,,6,0,,18,29
Hospitalizations,06/12/2021,30-49,8.2,0.2,,41.0,,,,,,,291603,446226,,24,1,,30,49
Hospitalizations,06/12/2021,5-11,0.0,,,,,,,,,,210448,,,0,,,5,11
Hospitalizations,06/12/2021,50-64,16.6,1.1,,15.1,,,,,,,114427,282776,,19,3,,50,64
Hospitalizations,06/12/2021,65-79,20.5,2.2,,9.3,,,,,,,72994,183414,,15,4,,65,79
Hospitalizations,06/12/2021,80+,18.0,4.0,,4.5,,,,,,,33348,50453,,6,2,,80,200
Hospitalizations,06/12/2021,All,5.9,0.8,,7.4,,8.1,0.6,,14.4,,1248658,1205419,,74,10,,999,999
Hospitalizations,06/19/2021,0-4,0.6,,,,,,,,,,162642,,,1,,,0,4
Hospitalizations,06/19/2021,12-17,0.0,0.0,,,,,,,,,112992,25113,,0,0,,12,17
Hospitalizations,06/19/2021,18-29,1.7,0.8,,2.1,,,,,,,240747,236678,,4,2,,18,29
Hospitalizations,06/19/2021,30-49,3.5,0.2,,17.5,,,,,,,285741,457903,,10,1,,30,49
Hospitalizations,06/19/2021,5-11,0.0,,,,,,,,,,210448,,,0,,,5,11
Hospitalizations,06/19/2021,50-64,10.8,0.3,,36.0,,,,,,,111089,289828,,12,1,,50,64
Hospitalizations,06/19/2021,65-79,5.6,0.5,,11.2,,,,,,,71845,185477,,4,1,,65,79
Hospitalizations,06/19/2021,80+,3.0,0.0,,,,,,,,,33056,50937,,1,0,,80,200
Hospitalizations,06/19/2021,All,2.6,0.4,,6.5,,3.6,0.3,,12.9,,1230002,1245945,,32,5,,999,999
Hospitalizations,06/26/2021,0-4,0.6,,,,,,,,,,162642,,,1,,,0,4
Hospitalizations,06/26/2021,12-17,0.0,0.0,,,,,,,,,109231,40684,,0,0,,12,17
Hospitalizations,06/26/2021,18-29,2.1,0.0,,,,,,,,,236805,246337,,5,0,,18,29
Hospitalizations,06/26/2021,30-49,3.2,0.8,,4.0,,,,,,,280547,471178,,9,4,,30,49
Hospitalizations,06/26/2021,5-11,0.5,,,,,,,,,,210448,,,1,,,5,11
Hospitalizations,06/26/2021,50-64,5.5,1.0,,5.5,,,,,,,108233,297417,,6,3,,50,64
Hospitalizations,06/26/2021,65-79,5.6,0.5,,11.2,,,,,,,70927,187639,,4,1,,65,79
Hospitalizations,06/26/2021,80+,9.1,1.9,,4.8,,,,,,,32801,51422,,3,1,,80,200
Hospitalizations,06/26/2021,All,2.4,0.7,,3.4,,3.1,0.5,,6.1,,1213076,1294687,,29,9,,999,999
Hospitalizations,07/03/2021,0-4,0.0,,,,,,,,,,162642,,,0,,,0,4
Hospitalizations,07/03/2021,12-17,0.0,0.0,,,,,,,,,105974,49371,,0,0,,12,17
Hospitalizations,07/03/2021,18-29,0.9,0.4,,2.2,,,,,,,233492,253877,,2,1,,18,29
Hospitalizations,07/03/2021,30-49,4.3,0.2,,21.5,,,,,,,276051,481309,,12,1,,30,49
Hospitalizations,07/03/2021,5-11,0.5,,,,,,,,,,210448,,,1,,,5,11
Hospitalizations,07/03/2021,50-64,8.5,0.3,,28.3,,,,,,,105765,303019,,9,1,,50,64
Hospitalizations,07/03/2021,65-79,11.4,1.1,,10.4,,,,,,,70102,189372,,8,2,,65,79
Hospitalizations,07/03/2021,80+,6.1,0.0,,,,,,,,,32563,51824,,2,0,,80,200
Hospitalizations,07/03/2021,All,2.8,0.4,,7.0,,4.0,0.3,,14.9,,1198478,1328782,,34,5,,999,999
Hospitalizations,07/10/2021,0-4,2.5,,,,,,,,,,162642,,,4,,,0,4
Hospitalizations,07/10/2021,12-17,0.0,0.0,,,,,,,,,103360,54919,,0,0,,12,17
Hospitalizations,07/10/2021,18-29,2.2,0.4,,5.5,,,,,,,230719,259241,,5,1,,18,29
Hospitalizations,07/10/2021,30-49,4.4,0.6,,7.3,,,,,,,272284,488713,,12,3,,30,49
Hospitalizations,07/10/2021,5-11,0.0,,,,,,,,,,210448,,,0,,,5,11
Hospitalizations,07/10/2021,50-64,5.8,0.3,,19.3,,,,,,,103690,307307,,6,1,,50,64
Hospitalizations,07/10/2021,65-79,4.3,2.1,,2.0,,,,,,,69387,190645,,3,4,,65,79
Hospitalizations,07/10/2021,80+,12.3,3.8,,3.2,,,,,,,32412,52151,,4,2,,80,200
Hospitalizations,07/10/2021,All,2.9,0.8,,3.6,,3.6,0.6,,5.8,,1186382,1352986,,34,11,,999,999
Hospitalizations,07/17/2021,0-4,1.2,,,,,,,,,,162642,,,2,,,0,4
Hospitalizations,07/17/2021,12-17,2.0,0.0,,,,,,,,,100142,59153,,2,0,,12,17
Hospitalizations,07/17/2021,18-29,2.2,0.4,,5.5,,,,,,,227511,263507,,5,1,,18,29
Hospitalizations,07/17/2021,30-49,6.7,0.0,,,,,,,,,268333,494648,,18,0,,30,49
Hospitalizations,07/17/2021,5-11,0.0,,,,,,,,,,210448,,,0,,,5,11
Hospitalizations,07/17/2021,50-64,7.9,0.3,,26.3,,,,,,,101635,310568,,8,1,,50,64
Hospitalizations,07/17/2021,65-79,18.9,1.6,,11.8,,,,,,,68677,191717,,13,3,,65,79
Hospitalizations,07/17/2021,80+,15.5,0.0,,,,,,,,,32233,52428,,5,0,,80,200
Hospitalizations,07/17/2021,All,4.5,0.4,,11.2,,6.1,0.3,,23.7,,1173061,1372031,,53,5,,999,999
Hospitalizations,07/24/2021,0-4,0.0,,,,,,,,,,162642,,,0,,,0,4
Hospitalizations,07/24/2021,12-17,0.0,0.0,,,,,,,,,96525,62459,,0,0,,12,17
Hospitalizations,07/24/2021,18-29,7.1,0.4,,17.8,,,,,,,224035,267218,,16,1,,18,29
Hospitalizations,07/24/2021,30-49,8.4,0.6,,14.0,,,,,,,263448,499818,,22,3,,30,49
Hospitalizations,07/24/2021,5-11,0.5,,,,,,,,,,210448,,,1,,,5,11
Hospitalizations,07/24/2021,50-64,19.2,1.0,,19.2,,,,,,,99023,313534,,19,3,,50,64
Hospitalizations,07/24/2021,65-79,14.7,2.1,,7.0,,,,,,,67863,192682,,10,4,,65,79
Hospitalizations,07/24/2021,80+,15.6,9.5,,1.6,,,,,,,31967,52632,,5,5,,80,200
Hospitalizations,07/24/2021,All,6.3,1.2,,5.2,,8.5,0.9,,9.4,,1157391,1388353,,73,16,,999,999
Hospitalizations,07/31/2021,0-4,1.2,,,,,,,,,,162642,,,2,,,0,4
Hospitalizations,07/31/2021,12-17,2.2,0.0,,,,,,,,,91908,65882,,2,0,,12,17
Hospitalizations,07/31/2021,18-29,8.2,0.7,,11.7,,,,,,,219855,270748,,18,2,,18,29
Hospitalizations,07/31/2021,30-49,15.1,0.8,,18.9,,,,,,,257900,504399,,39,4,,30,49
Hospitalizations,07/31/2021,5-11,0.0,,,,,,,,,,210448,,,0,,,5,11
Hospitalizations,07/31/2021,50-64,37.3,2.8,,13.3,,,,,,,96404,316039,,36,9,,50,64
Hospitalizations,07/31/2021,65-79,13.4,4.7,,2.9,,,,,,,67006,193535,,9,9,,65,79
Hospitalizations,07/31/2021,80+,18.9,11.4,,1.7,,,,,,,31758,52855,,6,6,,80,200
Hospitalizations,07/31/2021,All,9.8,2.1,,4.7,,13.7,1.6,,8.6,,1139361,1403468,,112,30,,999,999
Hospitalizations,08/07/2021,0-4,1.8,,,,,,,,,,162642,,,3,,,0,4
Hospitalizations,08/07/2021,12-17,2.3,0.0,,,,,,,,,87395,68987,,2,0,,12,17
Hospitalizations,08/07/2021,18-29,8.4,1.1,,7.6,,,,,,,215128,273891,,18,3,,18,29
Hospitalizations,08/07/2021,30-49,14.7,1.0,,14.7,,,,,,,251393,508447,,37,5,,30,49
Hospitalizations,08/07/2021,5-11,0.5,,,,,,,,,,210448,,,1,,,5,11
Hospitalizations,08/07/2021,50-64,33.2,2.2,,15.1,,,,,,,93397,318448,,31,7,,50,64
Hospitalizations,08/07/2021,65-79,36.3,4.1,,8.9,,,,,,,66044,194369,,24,8,,65,79
Hospitalizations,08/07/2021,80+,31.8,17.0,,1.9,,,,,,,31493,53090,,10,9,,80,200
Hospitalizations,08/07/2021,All,11.3,2.3,,4.9,,15.6,1.8,,8.9,,1119380,1417242,,126,32,,999,999
Hospitalizations,08/14/2021,0-4,1.2,,,,,,,,,,162642,,,2,,,0,4
Hospitalizations,08/14/2021,12-17,3.6,0.0,,,,,,,,,83420,71443,,3,0,,12,17
Hospitalizations,08/14/2021,18-29,9.0,0.4,,22.5,,,,,,,210927,276706,,19,1,,18,29
Hospitalizations,08/14/2021,30-49,23.2,1.2,,19.3,,,,,,,245796,512096,,57,6,,30,49
Hospitalizations,08/14/2021,5-11,0.5,,,,,,,,,,210448,,,1,,,5,11
Hospitalizations,08/14/2021,50-64,58.3,3.7,,15.8,,,,,,,90843,320472,,53,12,,50,64
Hospitalizations,08/14/2021,65-79,42.9,9.7,,4.4,,,,,,,65221,195073,,28,19,,65,79
Hospitalizations,08/14/2021,80+,32.0,15.0,,2.1,,,,,,,31250,53259,,10,8,,80,200
Hospitalizations,08/14/2021,All,15.7,3.2,,4.9,,22.8,2.4,,9.5,,1101987,1429059,,173,46,,999,999
Hospitalizations,08/21/2021,0-4,0.6,,,,,,,,,,162642,,,1,,,0,4
Hospitalizations,08/21/2021,12-17,5.0,0.0,,,,,,,,,79269,74310,,4,0,,12,17
Hospitalizations,08/21/2021,18-29,9.7,0.4,,24.2,,,,,,,206905,279600,,20,1,,18,29
Hospitalizations,08/21/2021,30-49,22.1,1.9,,11.6,,,,,,,240337,515735,,53,10,,30,49
Hospitalizations,08/21/2021,5-11,0.5,,,,,,,,,,210448,,,1,,,5,11
Hospitalizations,08/21/2021,50-64,55.5,4.0,,13.9,,,,,,,88316,322442,,49,13,,50,64
Hospitalizations,08/21/2021,65-79,49.8,6.6,,7.5,,,,,,,64269,195729,,32,13,,65,79
Hospitalizations,08/21/2021,80+,35.5,16.8,,2.1,,,,,,,30980,53437,,11,9,,80,200
Hospitalizations,08/21/2021,All,15.8,3.2,,4.9,,23.0,2.4,,9.5,,1084606,1441263,,171,46,,999,999
Hospitalizations,08/28/2021,0-4,1.2,,,,,,,,,,162642,,,2,,,0,4
Hospitalizations,08/28/2021,12-17,4.0,0.0,,,,,,,,,75289,77477,,3,0,,12,17
Hospitalizations,08/28/2021,18-29,10.8,0.7,,15.4,,,,,,,202837,282617,,22,2,,18,29
Hospitalizations,08/28/2021,30-49,22.6,0.8,,28.2,,,,,,,234637,519731,,53,4,,30,49
Hospitalizations,08/28/2021,5-11,1.0,,,,,,,,,,210448,,,2,,,5,11
Hospitalizations,08/28/2021,50-64,61.7,7.1,,8.7,,,,,,,85832,324654,,53,23,,50,64
Hospitalizations,08/28/2021,65-79,63.1,9.7,,6.5,,,,,,,63414,196443,,40,19,,65,79
Hospitalizations,08/28/2021,80+,65.0,20.5,,3.2,,,,,,,30772,53648,,20,11,,80,200
Hospitalizations,08/28/2021,All,18.3,4.1,,4.5,,26.5,3.0,,8.8,,1067311,1454580,,195,59,,999,999
Hospitalizations,09/04/2021,0-4,3.7,,,,,,,,,,162642,,,6,,,0,4
Hospitalizations,09/04/2021,12-17,0.0,0.0,,,,,,,,,72875,81500,,0,0,,12,17
Hospitalizations,09/04/2021,18-29,14.1,0.3,,47.0,,,,,,,198335,285925,,28,1,,18,29
Hospitalizations,09/04/2021,30-49,29.3,1.7,,17.2,,,,,,,228731,524414,,67,9,,30,49
Hospitalizations,09/04/2021,5-11,0.5,,,,,,,,,,210448,,,1,,,5,11
Hospitalizations,09/04/2021,50-64,56.4,4.6,,12.3,,,,,,,83339,327098,,47,15,,50,64
Hospitalizations,09/04/2021,65-79,41.5,7.6,,5.5,,,,,,,62660,197218,,26,15,,65,79
Hospitalizations,09/04/2021,80+,36.0,27.9,,1.3,,,,,,,30590,53825,,11,15,,80,200
Hospitalizations,09/04/2021,All,17.7,3.7,,4.8,,25.0,2.9,,8.6,,1051060,1469990,,186,55,,999,999
Hospitalizations,09/11/2021,0-4,1.8,,,,,,,,,,162642,,,3,,,0,4
Hospitalizations,09/11/2021,12-17,7.0,0.0,,,,,,,,,71062,85572,,5,0,,12,17
Hospitalizations,09/11/2021,18-29,12.3,0.3,,41.0,,,,,,,194912,289530,,24,1,,18,29
Hospitalizations,09/11/2021,30-49,22.8,2.3,,9.9,,,,,,,223827,529920,,51,12,,30,49
Hospitalizations,09/11/2021,5-11,0.0,,,,,,,,,,210448,,,0,,,5,11
Hospitalizations,09/11/2021,50-64,54.1,3.0,,18.0,,,,,,,81341,329689,,44,10,,50,64
Hospitalizations,09/11/2021,65-79,33.8,9.1,,3.7,,,,,,,62064,198063,,21,18,,65,79
Hospitalizations,09/11/2021,80+,59.1,22.2,,2.7,,,,,,,30447,54074,,18,12,,80,200
Hospitalizations,09/11/2021,All,16.0,3.6,,4.4,,22.9,2.8,,8.2,,1038183,1486858,,166,53,,999,999
Hospitalizations,09/18/2021,0-4,1.2,,,,,,,,,,162642,,,2,,,0,4
Hospitalizations,09/18/2021,12-17,0.0,0.0,,,,,,,,,69042,88833,,0,0,,12,17
Hospitalizations,09/18/2021,18-29,4.2,1.0,,4.2,,,,,,,191240,293096,,8,3,,18,29
Hospitalizations,09/18/2021,30-49,21.9,1.5,,14.6,,,,,,,218717,534902,,48,8,,30,49
Hospitalizations,09/18/2021,5-11,1.4,,,,,,,,,,210448,,,3,,,5,11
Hospitalizations,09/18/2021,50-64,73.2,3.3,,22.2,,,,,,,79253,332008,,58,11,,50,64
Hospitalizations,09/18/2021,65-79,42.4,9.1,,4.7,,,,,,,61377,198824,,26,18,,65,79
Hospitalizations,09/18/2021,80+,39.6,12.9,,3.1,,,,,,,30284,54287,,12,7,,80,200
Hospitalizations,09/18/2021,All,15.3,3.1,,4.9,,23.8,2.4,,10.0,,1024443,1501960,,157,47,,999,999
Hospitalizations,09/25/2021,0-4,1.8,,,,,,,,,,162642,,,3,,,0,4
Hospitalizations,09/25/2021,12-17,4.5,0.0,,,,,,,,,67320,92097,,3,0,,12,17
Hospitalizations,09/25/2021,18-29,11.2,0.3,,37.3,,,,,,,188178,296072,,21,1,,18,29
Hospitalizations,09/25/2021,30-49,20.5,0.9,,22.8,,,,,,,214323,539323,,44,5,,30,49
Hospitalizations,09/25/2021,5-11,0.5,,,,,,,,,,210448,,,1,,,5,11
Hospitalizations,09/25/2021,50-64,37.5,2.4,,15.6,,,,,,,77410,334054,,29,8,,50,64
Hospitalizations,09/25/2021,65-79,46.1,7.5,,6.1,,,,,,,60691,199483,,28,15,,65,79
Hospitalizations,09/25/2021,80+,39.9,23.9,,1.7,,,,,,,30100,54466,,12,13,,80,200
Hospitalizations,09/25/2021,All,13.9,2.8,,5.0,,19.9,2.2,,9.1,,1012552,1515505,,141,42,,999,999
Hospitalizations,10/02/2021,0-4,0.6,,,,,,,,,,162642,,,1,,,0,4
Hospitalizations,10/02/2021,12-17,1.5,0.0,,,,,,,,,65789,95470,,1,0,,12,17
Hospitalizations,10/02/2021,18-29,8.6,0.7,,12.3,,,,,,,185245,299425,,16,2,,18,29
Hospitalizations,10/02/2021,30-49,18.1,0.7,,25.9,,,,,,,209778,544307,,38,4,,30,49
Hospitalizations,10/02/2021,5-11,0.0,,,,,,,,,,210448,,,0,,,5,11
Hospitalizations,10/02/2021,50-64,39.8,4.8,,8.3,,,,,,,75462,336266,,30,16,,50,64
Hospitalizations,10/02/2021,65-79,45.3,9.5,,4.8,,,,,,,59550,200182,,27,19,,65,79
Hospitalizations,10/02/2021,80+,40.3,12.8,,3.1,,,,,,,29799,54624,,12,7,,80,200
Hospitalizations,10/02/2021,All,12.5,3.1,,4.0,,18.6,2.4,,7.9,,1000153,1530284,,125,48,,999,999
Hospitalizations,10/09/2021,0-4,2.5,,,,,,,,,,162642,,,4,,,0,4
Hospitalizations,10/09/2021,12-17,0.0,0.0,,,,,,,,,64487,97712,,0,0,,12,17
Hospitalizations,10/09/2021,18-29,5.5,0.0,,,,,,,,,182537,302860,,10,0,,18,29
Hospitalizations,10/09/2021,30-49,17.0,1.8,,9.4,,,,,,,205508,549247,,35,10,,30,49
Hospitalizations,10/09/2021,5-11,0.5,,,,,,,,,,210448,,,1,,,5,11
Hospitalizations,10/09/2021,50-64,39.3,2.4,,16.4,,,,,,,73730,338482,,29,8,,50,64
Hospitalizations,10/09/2021,65-79,37.5,9.0,,4.2,,,,,,,58635,200787,,22,18,,65,79
Hospitalizations,10/09/2021,80+,27.0,16.4,,1.6,,,,,,,29579,54787,,8,9,,80,200
Hospitalizations,10/09/2021,All,11.0,2.9,,3.8,,16.6,2.3,,7.2,,989006,1543885,,109,45,,999,999
Hospitalizations,10/16/2021,0-4,0.0,,,,,,,,,,162642,,,0,,,0,4
Hospitalizations,10/16/2021,12-17,3.2,0.0,,,,,,,,,63293,99411,,2,0,,12,17
Hospitalizations,10/16/2021,18-29,7.2,0.0,,,,,,,,,179828,305909,,13,0,,18,29
Hospitalizations,10/16/2021,30-49,17.9,0.7,,25.6,,,,,,,201126,553922,,36,4,,30,49
Hospitalizations,10/16/2021,5-11,0.0,,,,,,,,,,210448,,,0,,,5,11
Hospitalizations,10/16/2021,50-64,50.1,4.7,,10.7,,,,,,,71819,340453,,36,16,,50,64
Hospitalizations,10/16/2021,65-79,41.5,7.9,,5.3,,,,,,,57841,201474,,24,16,,65,79
Hospitalizations,10/16/2021,80+,13.6,18.2,,0.7,,,,,,,29394,54912,,4,10,,80,200
Hospitalizations,10/16/2021,All,11.8,3.0,,3.9,,18.7,2.3,,8.3,,977831,1556091,,115,46,,999,999
Hospitalizations,10/23/2021,0-4,0.0,,,,,,,,,,162642,,,0,,,0,4
Hospitalizations,10/23/2021,12-17,3.2,0.0,,,,,,,,,62327,101011,,2,0,,12,17
Hospitalizations,10/23/2021,18-29,6.2,0.0,0.0,,,,,,,,177426,308844,5112,11,0,0,18,29
Hospitalizations,10/23/2021,30-49,12.1,0.7,0.0,17.3,,,,,,,197644,558258,17064,24,4,0,30,49
Hospitalizations,10/23/2021,5-11,0.0,,,,,,,,,,210448,,,0,,,5,11
Hospitalizations,10/23/2021,50-64,32.8,3.8,7.7,8.6,4.3,,,,,,70085,342294,12920,23,13,1,50,64
Hospitalizations,10/23/2021,65-79,24.6,7.4,0.0,3.3,,,,,,,56917,202089,25238,14,15,0,65,79
Hospitalizations,10/23/2021,80+,17.2,14.5,0.0,1.2,,,,,,,29134,55042,6599,5,8,0,80,200
Hospitalizations,10/23/2021,All,8.2,2.6,1.5,3.2,5.5,12.7,2.0,1.2,6.5,11.0,968062,1567548,67104,79,40,1,999,999
Hospitalizations,10/30/2021,0-4,0.0,,,,,,,,,,162642,,,0,,,0,4
Hospitalizations,10/30/2021,12-17,1.6,0.0,,,,,,,,,61522,102498,,1,0,,12,17
Hospitalizations,10/30/2021,18-29,5.1,0.3,0.0,17.0,,,,,,,174919,311434,7317,9,1,0,18,29
Hospitalizations,10/30/2021,30-49,12.9,0.7,0.0,18.4,,,,,,,193574,562547,24010,25,4,0,30,49
Hospitalizations,10/30/2021,5-11,0.5,,,,,,,,,,210448,,,1,,,5,11
Hospitalizations,10/30/2021,50-64,54.3,1.2,0.0,45.2,,,,,,,68115,344109,18088,37,4,0,50,64
Hospitalizations,10/30/2021,65-79,28.8,7.4,3.1,3.9,9.3,,,,,,55506,202637,32602,16,15,1,65,79
Hospitalizations,10/30/2021,80+,38.2,12.7,0.0,3.0,,,,,,,28795,55189,8558,11,7,0,80,200
Hospitalizations,10/30/2021,All,10.4,2.0,1.1,5.2,9.5,17.0,1.6,0.3,11.0,59.1,956960,1578424,90762,100,31,1,999,999
Hospitalizations,11/06/2021,0-4,0.0,,,,,,,,,,162642,,,0,,,0,4
Hospitalizations,11/06/2021,12-17,0.0,0.0,,,,,,,,,60623,103779,,0,0,,12,17
Hospitalizations,11/06/2021,18-29,7.5,1.0,0.0,7.5,,,,,,,172329,313772,9424,13,3,0,18,29
Hospitalizations,11/06/2021,30-49,15.3,1.4,0.0,10.9,,,,,,,189473,566250,31638,29,8,0,30,49
Hospitalizations,11/06/2021,5-11,2.0,,,,,,,,,,204891,,,4,,,5,11
Hospitalizations,11/06/2021,50-64,43.9,4.6,12.2,9.5,3.6,,,,,,66124,345783,24559,29,16,3,50,64
Hospitalizations,11/06/2021,65-79,47.9,13.3,4.8,3.6,10.0,,,,,,54281,203209,41360,26,27,2,65,79
Hospitalizations,11/06/2021,80+,70.4,19.9,0.0,3.5,,,,,,,28425,55327,10940,20,11,0,80,200
Hospitalizations,11/06/2021,All,12.9,4.1,4.2,3.1,3.1,19.5,3.2,2.3,6.1,8.6,940226,1588130,118124,121,65,5,999,999
Hospitalizations,11/13/2021,0-4,1.2,,,,,,,,,,162642,,,2,,,0,4
Hospitalizations,11/13/2021,12-17,6.8,0.0,,,,,,,,,58668,104870,,4,0,,12,17
Hospitalizations,11/13/2021,18-29,5.9,0.9,0.0,6.6,,,,,,,169799,315857,13161,10,3,0,18,29
Hospitalizations,11/13/2021,30-49,18.3,1.4,0.0,13.1,,,,,,,185405,569939,46057,34,8,0,30,49
Hospitalizations,11/13/2021,5-11,1.7,,,,,,,,,,179775,,,3,,,5,11
Hospitalizations,11/13/2021,50-64,53.0,3.7,0.0,14.3,,,,,,,64134,347412,35845,34,13,0,50,64
Hospitalizations,11/13/2021,65-79,41.4,10.3,1.8,4.0,23.0,,,,,,53158,203955,55682,22,21,1,65,79
Hospitalizations,11/13/2021,80+,53.4,30.6,13.9,1.7,3.8,,,,,,28115,55500,14379,15,17,2,80,200
Hospitalizations,11/13/2021,All,13.7,3.9,1.8,3.5,7.6,21.0,3.1,0.6,6.7,33.2,903134,1597543,165349,124,62,3,999,999
Hospitalizations,11/20/2021,0-4,0.6,,,,,,,,,,162642,,,1,,,0,4
Hospitalizations,11/20/2021,12-17,3.5,0.0,,,,,,,,,57399,105837,,2,0,,12,17
Hospitalizations,11/20/2021,18-29,9.0,0.3,0.0,30.0,,,,,,,166869,317822,17682,15,1,0,18,29
Hospitalizations,11/20/2021,30-49,28.7,1.4,1.6,20.5,17.9,,,,,,180967,573409,62789,52,8,1,30,49
Hospitalizations,11/20/2021,5-11,1.2,,,,,,,,,,165850,0,,2,0,,5,11
Hospitalizations,11/20/2021,50-64,76.0,5.2,0.0,14.6,,,,,,,61858,348967,48163,47,18,0,50,64
Hospitalizations,11/20/2021,65-79,79.0,10.3,2.9,7.7,27.2,,,,,,51895,204745,68482,41,21,2,65,79
Hospitalizations,11/20/2021,80+,54.1,44.9,16.7,1.2,3.2,,,,,,27745,55699,18001,15,25,3,80,200
Hospitalizations,11/20/2021,All,20.0,4.5,2.8,4.4,7.1,31.2,3.7,1.3,8.4,23.7,876663,1606489,215372,175,73,6,999,999
Hospitalizations,11/27/2021,0-4,0.6,,,,,,,,,,162642,,,1,,,0,4
Hospitalizations,11/27/2021,12-17,1.8,0.0,,,,,,,,,56622,106763,,1,0,,12,17
Hospitalizations,11/27/2021,18-29,11.6,1.6,0.0,7.2,,,,,,,164447,319674,22478,19,5,0,18,29
Hospitalizations,11/27/2021,30-49,27.6,0.7,0.0,39.4,,,,,,,177404,576322,80840,49,4,0,30,49
Hospitalizations,11/27/2021,5-11,0.6,0.0,,,,,,,,,160063,4,,1,0,,5,11
Hospitalizations,11/27/2021,50-64,96.7,6.0,3.3,16.1,29.3,,,,,,59995,350353,61157,58,21,2,50,64
Hospitalizations,11/27/2021,65-79,109.7,13.6,5.0,8.1,21.9,,,,,,51043,205495,79830,56,28,4,65,79
Hospitalizations,11/27/2021,80+,65.4,23.2,4.6,2.8,14.2,,,,,,27530,55924,21641,18,13,1,80,200
Hospitalizations,11/27/2021,All,23.6,4.4,2.6,5.4,9.1,37.4,3.4,1.1,11.0,33.6,861184,1614545,266248,203,71,7,999,999
Hospitalizations,12/04/2021,0-4,2.5,,,,,,,,,,162642,,,4,,,0,4
Hospitalizations,12/04/2021,12-17,5.4,0.9,,6.0,,,,,,,55777,107453,,3,1,,12,17
Hospitalizations,12/04/2021,18-29,20.5,3.1,0.0,6.6,,,,,,,161138,321348,28084,33,10,0,18,29
Hospitalizations,12/04/2021,30-49,40.0,3.5,0.0,11.4,,,,,,,172312,578991,100885,69,20,0,30,49
Hospitalizations,12/04/2021,5-11,1.3,0.0,,,,,,,,,155490,8,,2,0,,5,11
Hospitalizations,12/04/2021,50-64,128.6,10.8,3.9,11.9,33.0,,,,,,57559,351668,76507,74,38,3,50,64
Hospitalizations,12/04/2021,65-79,152.1,19.4,4.4,7.8,34.6,,,,,,49975,206235,91736,76,40,4,65,79
Hospitalizations,12/04/2021,80+,154.3,33.8,15.8,4.6,9.8,,,,,,27223,56186,25326,42,19,4,80,200
Hospitalizations,12/04/2021,All,35.9,7.9,3.4,4.5,10.6,54.9,6.2,1.5,8.9,36.1,843554,1621899,322883,303,128,11,999,999
Hospitalizations,12/11/2021,0-4,3.7,,,,,,,,,,162642,,,6,,,0,4
Hospitalizations,12/11/2021,12-17,11.0,0.9,0.0,12.2,,,,,,,54699,108021,400,6,1,0,12,17
Hospitalizations,12/11/2021,18-29,19.7,1.5,0.0,13.1,,,,,,,157034,322653,33993,31,5,0,18,29
Hospitalizations,12/11/2021,30-49,50.9,4.3,2.5,11.8,20.4,,,,,,166918,581046,118950,85,25,3,30,49
Hospitalizations,12/11/2021,5-11,2.0,0.0,,,,,,,,,150369,2850,,3,0,,5,11
Hospitalizations,12/11/2021,50-64,154.4,11.6,1.1,13.3,140.4,,,,,,55055,352631,89313,85,41,1,50,64
Hospitalizations,12/11/2021,65-79,153.1,21.3,4.0,7.2,38.3,,,,,,48978,206706,98789,75,44,4,65,79
Hospitalizations,12/11/2021,80+,96.4,46.2,18.3,2.1,5.3,,,,,,26984,56291,27326,26,26,5,80,200
Hospitalizations,12/11/2021,All,38.5,8.7,3.5,4.4,11.0,60.7,6.9,1.9,8.8,31.8,824117,1630208,368771,317,142,13,999,999
Hospitalizations,12/18/2021,0-4,11.7,,,,,,,,,,162642,,,19,,,0,4
Hospitalizations,12/18/2021,12-17,18.7,1.8,0.0,10.4,,,,,,,53455,109589,472,10,2,0,12,17
Hospitalizations,12/18/2021,18-29,41.3,4.0,0.0,10.3,,,,,,,152524,324366,42088,63,13,0,18,29
Hospitalizations,12/18/2021,30-49,65.7,7.4,3.5,8.9,18.8,,,,,,161387,583685,143828,106,43,5,30,49
Hospitalizations,12/18/2021,5-11,4.8,0.0,,,,,,,,,145780,24420,,7,0,,5,11
Hospitalizations,12/18/2021,50-64,211.2,16.1,8.4,13.1,25.1,,,,,,52556,353887,107039,111,57,9,50,64
Hospitalizations,12/18/2021,65-79,210.5,26.0,14.7,8.1,14.3,,,,,,47970,207393,108517,101,54,16,65,79
Hospitalizations,12/18/2021,80+,160.8,40.7,9.9,4.0,16.2,,,,,,26738,56470,30298,43,23,3,80,200
Hospitalizations,12/18/2021,All,57.2,11.6,7.6,4.9,7.5,86.2,9.2,4.0,9.3,21.4,804490,1659820,432242,460,192,33,999,999
Hospitalizations,12/25/2021,0-4,17.2,,,,,,,,,,162642,,,28,,,0,4
Hospitalizations,12/25/2021,12-17,28.7,4.5,0.0,6.4,,,,,,,52245,110874,705,15,5,0,12,17
Hospitalizations,12/25/2021,18-29,59.2,8.6,3.8,6.9,15.6,,,,,,148598,326112,52975,88,28,2,18,29
Hospitalizations,12/25/2021,30-49,91.1,8.7,5.9,10.5,15.4,,,,,,156943,586329,170883,143,51,10,30,49
Hospitalizations,12/25/2021,5-11,4.2,0.0,,,,,,,,,141645,37764,,6,0,,5,11
Hospitalizations,12/25/2021,50-64,274.0,28.4,10.4,9.6,26.3,,,,,,50363,355182,125167,138,101,13,50,64
Hospitalizations,12/25/2021,65-79,260.8,50.0,25.6,5.2,10.2,,,,,,47164,208043,117043,123,104,30,65,79
Hospitalizations,12/25/2021,80+,226.2,98.9,49.0,2.3,4.6,,,,,,26529,56622,32674,60,56,16,80,200
Hospitalizations,12/25/2021,All,76.3,20.5,14.2,3.7,5.4,114.3,16.6,8.0,6.9,14.3,787567,1680936,499447,601,345,71,999,999
Hospitalizations,01/01/2022,0-4,33.2,,,,,,,,,,162642,,,54,,,0,4
Hospitalizations,01/01/2022,12-17,27.7,3.6,0.0,7.7,,,,,,,50608,111769,1795,14,4,0,12,17
Hospitalizations,01/01/2022,18-29,76.2,14.3,6.1,5.3,12.5,,,,,,144283,327732,65249,110,47,4,18,29
Hospitalizations,01/01/2022,30-49,116.6,16.0,6.6,7.3,17.7,,,,,,151737,588898,197132,177,94,13,30,49
Hospitalizations,01/01/2022,5-11,5.8,0.0,,,,,,,,,136835,44085,,8,0,,5,11
Hospitalizations,01/01/2022,50-64,358.4,38.2,13.3,9.4,26.9,,,,,,47993,356411,142422,172,136,19,50,64
Hospitalizations,01/01/2022,65-79,362.0,72.9,30.4,5.0,11.9,,,,,,46403,208541,124938,168,152,38,65,79
Hospitalizations,01/01/2022,80+,352.9,142.7,100.6,2.5,3.5,,,,,,26356,56768,34777,93,81,35,80,200
Hospitalizations,01/01/2022,All,103.7,30.3,19.2,3.4,5.4,152.3,24.8,11.2,6.2,13.6,768295,1694214,566313,797,514,109,999,999
Hospitalizations,01/08/2022,0-4,20.9,,,,,,,,,,162642,,,34,,,0,4
Hospitalizations,01/08/2022,12-17,12.5,8.9,0.0,1.4,,,,,,,48065,112403,3349,6,10,0,12,17
Hospitalizations,01/08/2022,18-29,67.9,11.5,5.3,5.9,12.8,,,,,,137033,329015,75351,93,38,4,18,29
Hospitalizations,01/08/2022,30-49,90.3,15.9,9.7,5.7,9.3,,,,,,143985,590736,217037,130,94,21,30,49
Hospitalizations,01/08/2022,5-11,4.6,6.4,,0.7,,,,,,,130167,47166,,6,3,,5,11
Hospitalizations,01/08/2022,50-64,397.0,36.1,30.9,11.0,12.8,,,,,,45338,357286,155456,180,129,48,50,64
Hospitalizations,01/08/2022,65-79,366.4,70.4,48.3,5.2,7.6,,,,,,45577,208938,130560,167,147,63,65,79
Hospitalizations,01/08/2022,80+,538.0,174.1,99.3,3.1,5.4,,,,,,26210,56880,36267,141,99,36,80,200
Hospitalizations,01/08/2022,All,102.2,30.5,27.8,3.4,3.7,153.0,25.9,16.3,5.9,9.4,740455,1702434,618020,757,520,172,999,999
Hospitalizations,01/15/2022,0-4,19.1,,,,,,,,,,162642,,,31,,,0,4
Hospitalizations,01/15/2022,12-17,13.3,1.8,0.0,7.4,,,,,,,45013,113129,4908,6,2,0,12,17
Hospitalizations,01/15/2022,18-29,41.7,9.4,7.2,4.4,5.8,,,,,,129421,330464,83748,54,31,6,18,29
Hospitalizations,01/15/2022,30-49,59.6,10.6,12.5,5.6,4.8,,,,,,136018,592690,232265,81,63,29,30,49
Hospitalizations,01/15/2022,5-11,1.6,2.0,,0.8,,,,,,,122909,50682,,2,1,,5,11
Hospitalizations,01/15/2022,50-64,325.9,24.6,20.5,13.2,15.9,,,,,,42645,358176,165804,139,88,34,50,64
Hospitalizations,01/15/2022,65-79,312.7,52.6,34.9,5.9,9.0,,,,,,44775,209253,134571,140,110,47,65,79
Hospitalizations,01/15/2022,80+,438.0,119.4,96.4,3.7,4.5,,,,,,26027,56957,37328,114,68,36,80,200
Hospitalizations,01/15/2022,All,79.9,21.2,23.1,3.8,3.5,120.1,17.7,14.5,6.8,8.3,710887,1711361,658624,568,363,152,999,999
Hospitalizations,01/22/2022,0-4,12.9,,,,,,,,,,162642,,,21,,,0,4
Hospitalizations,01/22/2022,12-17,14.1,3.5,11.9,4.0,1.2,,,,,,42430,114336,8412,6,4,1,12,17
Hospitalizations,01/22/2022,18-29,26.9,3.6,1.1,7.5,24.5,,,,,,122858,332529,93053,33,12,1,18,29
Hospitalizations,01/22/2022,30-49,64.1,6.6,7.2,9.7,8.9,,,,,,129412,595363,248624,83,39,18,30,49
Hospitalizations,01/22/2022,5-11,3.4,0.0,,,,,,,,,117520,55477,,4,0,,5,11
Hospitalizations,01/22/2022,50-64,161.7,13.1,10.8,12.3,15.0,,,,,,40205,359246,176068,65,47,19,50,64
Hospitalizations,01/22/2022,65-79,174.6,27.7,23.8,6.3,7.3,,,,,,44099,209666,138544,77,58,33,65,79
Hospitalizations,01/22/2022,80+,266.6,71.9,70.6,3.7,3.8,,,,,,25886,57038,38227,69,41,27,80,200
Hospitalizations,01/22/2022,All,52.1,11.7,14.1,4.5,3.7,75.7,9.8,9.6,7.7,7.9,686489,1723665,702928,358,201,99,999,999
Hospitalizations,01/29/2022,0-4,5.5,,,,,,,,,,162642,,,9,,,0,4
Hospitalizations,01/29/2022,12-17,7.5,0.9,0.0,8.3,,,,,,,40110,115607,13237,3,1,0,12,17
Hospitalizations,01/29/2022,18-29,13.6,1.2,4.9,11.3,2.8,,,,,,117724,334549,102046,16,4,5,18,29
Hospitalizations,01/29/2022,30-49,24.2,4.5,1.9,5.4,12.7,,,,,,124200,597912,263541,30,27,5,30,49
Hospitalizations,01/29/2022,5-11,1.8,0.0,,,,,,,,,112802,59669,,2,0,,5,11
Hospitalizations,01/29/2022,50-64,86.2,4.2,7.5,20.5,11.5,,,,,,38263,360308,185703,33,15,14,50,64
Hospitalizations,01/29/2022,65-79,75.8,14.3,16.9,5.3,4.5,,,,,,43522,210049,142142,33,30,24,65,79
Hospitalizations,01/29/2022,80+,101.0,35.0,35.8,2.9,2.8,,,,,,25748,57139,39097,26,20,14,80,200
Hospitalizations,01/29/2022,All,22.8,5.6,8.3,4.1,2.7,34.1,4.8,5.3,7.2,6.5,666448,1735243,745766,152,97,62,999,999
